﻿species,bacterial_combo,sp_bac_combo,plate_ID,bacteria,fraction_worms,observer,orientation,temperature,NOTES
C. inopinata,E_K,I_E_R_R,I_26,Klebsiella sp. WOUb2,0.561904762,Jackson,1,25C,
C. inopinata,E_K,I_E_R_R,I_27,Klebsiella sp. WOUb2,0.675324675,Jackson,2,25C,
C. inopinata,E_K,I_E_R_R,I_28,Klebsiella sp. WOUb2,0.214285714,Will,3,25C,
C. inopinata,E_K,I_E_R_R,I_29,Klebsiella sp. WOUb2,0.379310345,Austin,4,25C,
C. inopinata,E_K,I_E_R_R,I_30,Klebsiella sp. WOUb2,0.430463576,Austin,1,25C,
C. inopinata,E_K,I_E_R_R,I_31,Klebsiella sp. WOUb2,0.546153846,Tyler,2,25C,
C. inopinata,E_K,I_E_R_R,I_32,Klebsiella sp. WOUb2,0.558139535,Austin,3,25C,
C. inopinata,E_K,I_E_R_R,I_33,Klebsiella sp. WOUb2,0.47826087,Will,4,25C,
C. inopinata,E_K,I_E_R_R,I_34,Klebsiella sp. WOUb2,0.619047619,Ben,1,25C,
C. inopinata,E_K,I_E_R_R,I_35,Klebsiella sp. WOUb2,0.542168675,Tyler,2,25C,
C. inopinata,E_K,I_E_R_R,I_36,Klebsiella sp. WOUb2,0.414893617,Austin,3,25C,
C. inopinata,E_K,I_E_R_R,I_37,Klebsiella sp. WOUb2,0.4140625,Austin,4,25C,
C. inopinata,E_K,I_E_R_R,I_38,Klebsiella sp. WOUb2,0.529411765,Will,1,25C,
C. inopinata,E_K,I_E_R_R,I_39,Klebsiella sp. WOUb2,0.546296296,Ben,2,25C,
C. inopinata,E_K,I_E_R_R,I_40,Klebsiella sp. WOUb2,0.458823529,Tyler,3,25C,
C. inopinata,E_K,I_E_R_R,I_41,Klebsiella sp. WOUb2,0.572463768,Austin,4,25C,
C. inopinata,E_K,I_E_R_R,I_42,Klebsiella sp. WOUb2,0.485436893,Ben,1,25C,
C. inopinata,E_K,I_E_R_R,I_43,Klebsiella sp. WOUb2,0.567901235,Tyler,2,25C,
C. inopinata,E_K,I_E_R_R,I_44,Klebsiella sp. WOUb2,0.48,Ben,3,25C,
C. inopinata,E_K,I_E_R_R,I_45,Klebsiella sp. WOUb2,0.338582677,Austin,4,25C,
C. inopinata,E_K,I_E_R_R,I_46,Klebsiella sp. WOUb2,0.510869565,Tyler,1,25C,
C. inopinata,E_K,I_E_R_R,I_47,Klebsiella sp. WOUb2,0.567164179,Ben,2,25C,
C. inopinata,E_K,I_E_R_R,I_48,Klebsiella sp. WOUb2,0.47826087,Will,3,25C,
C. inopinata,E_K,I_E_R_R,I_49,Klebsiella sp. WOUb2,0.456692913,Austin,4,25C,
C. inopinata,E_K,I_E_R_R,I_50,Klebsiella sp. WOUb2,0.622222222,Ben,1,25C,
C. inopinata,E_K,I_E_R_E,I_26,E. coli OP50,0.19047619,Jackson,1,25C,
C. inopinata,E_K,I_E_R_E,I_27,E. coli OP50,0.116883117,Jackson,2,25C,
C. inopinata,E_K,I_E_R_E,I_28,E. coli OP50,0.5,Will,3,25C,
C. inopinata,E_K,I_E_R_E,I_29,E. coli OP50,0.327586207,Austin,4,25C,
C. inopinata,E_K,I_E_R_E,I_30,E. coli OP50,0.344370861,Austin,1,25C,
C. inopinata,E_K,I_E_R_E,I_31,E. coli OP50,0.284615385,Tyler,2,25C,
C. inopinata,E_K,I_E_R_E,I_32,E. coli OP50,0.209302326,Austin,3,25C,
C. inopinata,E_K,I_E_R_E,I_33,E. coli OP50,0.260869565,Will,4,25C,
C. inopinata,E_K,I_E_R_E,I_34,E. coli OP50,0.257142857,Ben,1,25C,
C. inopinata,E_K,I_E_R_E,I_35,E. coli OP50,0.277108434,Tyler,2,25C,
C. inopinata,E_K,I_E_R_E,I_36,E. coli OP50,0.255319149,Austin,3,25C,
C. inopinata,E_K,I_E_R_E,I_37,E. coli OP50,0.390625,Austin,4,25C,
C. inopinata,E_K,I_E_R_E,I_38,E. coli OP50,0.317647059,Will,1,25C,
C. inopinata,E_K,I_E_R_E,I_39,E. coli OP50,0.166666667,Ben,2,25C,
C. inopinata,E_K,I_E_R_E,I_40,E. coli OP50,0.270588235,Tyler,3,25C,
C. inopinata,E_K,I_E_R_E,I_41,E. coli OP50,0.173913043,Austin,4,25C,
C. inopinata,E_K,I_E_R_E,I_42,E. coli OP50,0.310679612,Ben,1,25C,
C. inopinata,E_K,I_E_R_E,I_43,E. coli OP50,0.259259259,Tyler,2,25C,
C. inopinata,E_K,I_E_R_E,I_44,E. coli OP50,0.37,Ben,3,25C,
C. inopinata,E_K,I_E_R_E,I_45,E. coli OP50,0.433070866,Austin,4,25C,
C. inopinata,E_K,I_E_R_E,I_46,E. coli OP50,0.369565217,Tyler,1,25C,
C. inopinata,E_K,I_E_R_E,I_47,E. coli OP50,0.298507463,Ben,2,25C,
C. inopinata,E_K,I_E_R_E,I_48,E. coli OP50,0.420289855,Will,3,25C,
C. inopinata,E_K,I_E_R_E,I_49,E. coli OP50,0.228346457,Austin,4,25C,
C. inopinata,E_K,I_E_R_E,I_50,E. coli OP50,0.211111111,Ben,1,25C,
C. inopinata,E_S,I_E_S_E,I_51,E. coli OP50,0.666666667,Tyler,1,25C,
C. inopinata,E_S,I_E_S_E,I_52,E. coli OP50,0.253521127,Jackson,2,25C,
C. inopinata,E_S,I_E_S_E,I_53,E. coli OP50,0.595744681,Tyler,3,25C,
C. inopinata,E_S,I_E_S_E,I_54,E. coli OP50,0.510067114,Jackson,4,25C,
C. inopinata,E_S,I_E_S_E,I_55,E. coli OP50,0.449438202,Will,1,25C,
C. inopinata,E_S,I_E_S_E,I_56,E. coli OP50,0.383838384,Tyler,2,25C,
C. inopinata,E_S,I_E_S_E,I_57,E. coli OP50,0.483870968,Tyler,3,25C,
C. inopinata,E_S,I_E_S_E,I_58,E. coli OP50,0.392592593,Jackson,4,25C,
C. inopinata,E_S,I_E_S_E,I_59,E. coli OP50,0.494505495,Austin,1,25C,
C. inopinata,E_S,I_E_S_E,I_60,E. coli OP50,0.655172414,Tyler,2,25C,
C. inopinata,E_S,I_E_S_E,I_61,E. coli OP50,0.487804878,Ben,3,25C,
C. inopinata,E_S,I_E_S_E,I_62,E. coli OP50,0.475,Tyler,4,25C,
C. inopinata,E_S,I_E_S_E,I_63,E. coli OP50,0.254716981,Will,1,25C,
C. inopinata,E_S,I_E_S_E,I_64,E. coli OP50,0.342105263,Will,2,25C,
C. inopinata,E_S,I_E_S_E,I_65,E. coli OP50,0.256410256,Jackson,3,25C,
C. inopinata,E_S,I_E_S_E,I_66,E. coli OP50,0.469879518,Jackson,4,25C,
C. inopinata,E_S,I_E_S_E,I_67,E. coli OP50,0.264705882,Tyler,1,25C,
C. inopinata,E_S,I_E_S_E,I_68,E. coli OP50,0.264150943,Tyler,2,25C,
C. inopinata,E_S,I_E_S_E,I_69,E. coli OP50,0.484848485,Tyler,3,25C,
C. inopinata,E_S,I_E_S_E,I_70,E. coli OP50,0.358024691,Will,4,25C,
C. inopinata,E_S,I_E_S_E,I_71,E. coli OP50,0.428571429,Austin,1,25C,
C. inopinata,E_S,I_E_S_E,I_72,E. coli OP50,0.176470588,Austin,2,25C,
C. inopinata,E_S,I_E_S_E,I_73,E. coli OP50,0.326530612,Will,3,25C,
C. inopinata,E_S,I_E_S_E,I_74,E. coli OP50,0.386666667,Ben,4,25C,
C. inopinata,E_S,I_E_S_E,I_75,E. coli OP50,0.275362319,Will,1,25C,
C. inopinata,E_S,I_E_S_S,I_51,Stenotrophomonas sp. WOUb1,0.148148148,Tyler,1,25C,
C. inopinata,E_S,I_E_S_S,I_52,Stenotrophomonas sp. WOUb1,0.323943662,Jackson,2,25C,
C. inopinata,E_S,I_E_S_S,I_53,Stenotrophomonas sp. WOUb1,0.265957447,Tyler,3,25C,
C. inopinata,E_S,I_E_S_S,I_54,Stenotrophomonas sp. WOUb1,0.281879195,Jackson,4,25C,
C. inopinata,E_S,I_E_S_S,I_55,Stenotrophomonas sp. WOUb1,0.438202247,Will,1,25C,
C. inopinata,E_S,I_E_S_S,I_56,Stenotrophomonas sp. WOUb1,0.292929293,Tyler,2,25C,
C. inopinata,E_S,I_E_S_S,I_57,Stenotrophomonas sp. WOUb1,0.290322581,Tyler,3,25C,
C. inopinata,E_S,I_E_S_S,I_58,Stenotrophomonas sp. WOUb1,0.407407407,Jackson,4,25C,
C. inopinata,E_S,I_E_S_S,I_59,Stenotrophomonas sp. WOUb1,0.538461538,Austin,1,25C,
C. inopinata,E_S,I_E_S_S,I_60,Stenotrophomonas sp. WOUb1,0.275862069,Tyler,2,25C,
C. inopinata,E_S,I_E_S_S,I_61,Stenotrophomonas sp. WOUb1,0.329268293,Ben,3,25C,
C. inopinata,E_S,I_E_S_S,I_62,Stenotrophomonas sp. WOUb1,0.515,Tyler,4,25C,
C. inopinata,E_S,I_E_S_S,I_63,Stenotrophomonas sp. WOUb1,0.471698113,Will,1,25C,
C. inopinata,E_S,I_E_S_S,I_64,Stenotrophomonas sp. WOUb1,0.473684211,Will,2,25C,
C. inopinata,E_S,I_E_S_S,I_65,Stenotrophomonas sp. WOUb1,0.376068376,Jackson,3,25C,
C. inopinata,E_S,I_E_S_S,I_66,Stenotrophomonas sp. WOUb1,0.313253012,Jackson,4,25C,
C. inopinata,E_S,I_E_S_S,I_67,Stenotrophomonas sp. WOUb1,0.411764706,Tyler,1,25C,
C. inopinata,E_S,I_E_S_S,I_68,Stenotrophomonas sp. WOUb1,0.41509434,Tyler,2,25C,
C. inopinata,E_S,I_E_S_S,I_69,Stenotrophomonas sp. WOUb1,0.348484848,Tyler,3,25C,
C. inopinata,E_S,I_E_S_S,I_70,Stenotrophomonas sp. WOUb1,0.259259259,Will,4,25C,
C. inopinata,E_S,I_E_S_S,I_71,Stenotrophomonas sp. WOUb1,0.30952381,Austin,1,25C,
C. inopinata,E_S,I_E_S_S,I_72,Stenotrophomonas sp. WOUb1,0.421568627,Austin,2,25C,
C. inopinata,E_S,I_E_S_S,I_73,Stenotrophomonas sp. WOUb1,0.367346939,Will,3,25C,
C. inopinata,E_S,I_E_S_S,I_74,Stenotrophomonas sp. WOUb1,0.346666667,Ben,4,25C,
C. inopinata,E_S,I_E_S_S,I_75,Stenotrophomonas sp. WOUb1,0.565217391,Will,1,25C,
C. inopinata,K_S,I_R_S_R,I_1,Klebsiella sp. WOUb2,0.163043478,Will,1,25C,
C. inopinata,K_S,I_R_S_R,I_2,Klebsiella sp. WOUb2,0.453333333,Jackson,2,25C,
C. inopinata,K_S,I_R_S_R,I_3,Klebsiella sp. WOUb2,0.445205479,Jackson,3,25C,
C. inopinata,K_S,I_R_S_R,I_4,Klebsiella sp. WOUb2,0.382165605,Austin,4,25C,
C. inopinata,K_S,I_R_S_R,I_5,Klebsiella sp. WOUb2,0.329113924,Will,1,25C,
C. inopinata,K_S,I_R_S_R,I_6,Klebsiella sp. WOUb2,0.231884058,Ben,2,25C,
C. inopinata,K_S,I_R_S_R,I_7,Klebsiella sp. WOUb2,0.307142857,Austin,3,25C,
C. inopinata,K_S,I_R_S_R,I_8,Klebsiella sp. WOUb2,0.416666667,Austin,4,25C,
C. inopinata,K_S,I_R_S_R,I_9,Klebsiella sp. WOUb2,0.294117647,Ben,1,25C,
C. inopinata,K_S,I_R_S_R,I_10,Klebsiella sp. WOUb2,0.376344086,Ben,2,25C,
C. inopinata,K_S,I_R_S_R,I_11,Klebsiella sp. WOUb2,0.448979592,Ben,3,25C,
C. inopinata,K_S,I_R_S_R,I_12,Klebsiella sp. WOUb2,0.65,Tyler,4,25C,
C. inopinata,K_S,I_R_S_R,I_13,Klebsiella sp. WOUb2,0.242718447,Will,1,25C,
C. inopinata,K_S,I_R_S_R,I_14,Klebsiella sp. WOUb2,0.451612903,Austin,2,25C,
C. inopinata,K_S,I_R_S_R,I_15,Klebsiella sp. WOUb2,0.488888889,Tyler,3,25C,
C. inopinata,K_S,I_R_S_R,I_16,Klebsiella sp. WOUb2,0.465116279,Ben,4,25C,
C. inopinata,K_S,I_R_S_R,I_17,Klebsiella sp. WOUb2,0.279411765,Jackson,1,25C,
C. inopinata,K_S,I_R_S_R,I_18,Klebsiella sp. WOUb2,0.377358491,Jackson,2,25C,
C. inopinata,K_S,I_R_S_R,I_19,Klebsiella sp. WOUb2,0.413793103,Will,3,25C,
C. inopinata,K_S,I_R_S_R,I_20,Klebsiella sp. WOUb2,0.341463415,Ben,4,25C,
C. inopinata,K_S,I_R_S_R,I_21,Klebsiella sp. WOUb2,0.181034483,Jackson,1,25C,
C. inopinata,K_S,I_R_S_R,I_22,Klebsiella sp. WOUb2,0.389830508,Ben,2,25C,
C. inopinata,K_S,I_R_S_R,I_23,Klebsiella sp. WOUb2,0.285714286,Jackson,3,25C,
C. inopinata,K_S,I_R_S_R,I_24,Klebsiella sp. WOUb2,0.384615385,Austin,4,25C,
C. inopinata,K_S,I_R_S_R,I_25,Klebsiella sp. WOUb2,0.453781513,Austin,1,25C,
C. inopinata,K_S,I_R_S_S,I_1,Stenotrophomonas sp. WOUb1,0.64673913,Will,1,25C,
C. inopinata,K_S,I_R_S_S,I_2,Stenotrophomonas sp. WOUb1,0.32,Jackson,2,25C,
C. inopinata,K_S,I_R_S_S,I_3,Stenotrophomonas sp. WOUb1,0.335616438,Jackson,3,25C,
C. inopinata,K_S,I_R_S_S,I_4,Stenotrophomonas sp. WOUb1,0.324840764,Austin,4,25C,
C. inopinata,K_S,I_R_S_S,I_5,Stenotrophomonas sp. WOUb1,0.506329114,Will,1,25C,
C. inopinata,K_S,I_R_S_S,I_6,Stenotrophomonas sp. WOUb1,0.507246377,Ben,2,25C,
C. inopinata,K_S,I_R_S_S,I_7,Stenotrophomonas sp. WOUb1,0.35,Austin,3,25C,
C. inopinata,K_S,I_R_S_S,I_8,Stenotrophomonas sp. WOUb1,0.222222222,Austin,4,25C,
C. inopinata,K_S,I_R_S_S,I_9,Stenotrophomonas sp. WOUb1,0.31372549,Ben,1,25C,
C. inopinata,K_S,I_R_S_S,I_10,Stenotrophomonas sp. WOUb1,0.387096774,Ben,2,25C,
C. inopinata,K_S,I_R_S_S,I_11,Stenotrophomonas sp. WOUb1,0.326530612,Ben,3,25C,
C. inopinata,K_S,I_R_S_S,I_12,Stenotrophomonas sp. WOUb1,0.275,Tyler,4,25C,
C. inopinata,K_S,I_R_S_S,I_13,Stenotrophomonas sp. WOUb1,0.533980583,Will,1,25C,
C. inopinata,K_S,I_R_S_S,I_14,Stenotrophomonas sp. WOUb1,0.548387097,Austin,2,25C,
C. inopinata,K_S,I_R_S_S,I_15,Stenotrophomonas sp. WOUb1,0.177777778,Tyler,3,25C,
C. inopinata,K_S,I_R_S_S,I_16,Stenotrophomonas sp. WOUb1,0.255813953,Ben,4,25C,
C. inopinata,K_S,I_R_S_S,I_17,Stenotrophomonas sp. WOUb1,0.294117647,Jackson,1,25C,
C. inopinata,K_S,I_R_S_S,I_18,Stenotrophomonas sp. WOUb1,0.405660377,Jackson,2,25C,
C. inopinata,K_S,I_R_S_S,I_19,Stenotrophomonas sp. WOUb1,0.436781609,Will,3,25C,
C. inopinata,K_S,I_R_S_S,I_20,Stenotrophomonas sp. WOUb1,0.292682927,Ben,4,25C,
C. inopinata,K_S,I_R_S_S,I_21,Stenotrophomonas sp. WOUb1,0.405172414,Jackson,1,25C,
C. inopinata,K_S,I_R_S_S,I_22,Stenotrophomonas sp. WOUb1,0.406779661,Ben,2,25C,
C. inopinata,K_S,I_R_S_S,I_23,Stenotrophomonas sp. WOUb1,0.5,Jackson,3,25C,
C. inopinata,K_S,I_R_S_S,I_24,Stenotrophomonas sp. WOUb1,0.375,Austin,4,25C,
C. inopinata,K_S,I_R_S_S,I_25,Stenotrophomonas sp. WOUb1,0.319327731,Austin,1,25C,
C. elegans,E_K,E_E_R_R,E_21,Klebsiella sp. WOUb2,0.536144578,Tyler,1,25C,
C. elegans,E_K,E_E_R_R,E_22,Klebsiella sp. WOUb2,0.725631769,Austin,2,25C,
C. elegans,E_K,E_E_R_R,E_23,Klebsiella sp. WOUb2,NA,Tyler,3,25C,not_seeded
C. elegans,E_K,E_E_R_R,E_24,Klebsiella sp. WOUb2,0.56969697,Tyler,4,25C,
C. elegans,E_K,E_E_R_R,E_25,Klebsiella sp. WOUb2,0.503875969,Will,1,25C,
C. elegans,E_K,E_E_R_R,E_26,Klebsiella sp. WOUb2,0.711934156,Austin,2,25C,
C. elegans,E_K,E_E_R_R,E_27,Klebsiella sp. WOUb2,0.711864407,Tyler,3,25C,
C. elegans,E_K,E_E_R_R,E_28,Klebsiella sp. WOUb2,0.589928058,Will,4,25C,
C. elegans,E_K,E_E_R_R,E_29,Klebsiella sp. WOUb2,0.528169014,Tyler,1,25C,
C. elegans,E_K,E_E_R_R,E_30,Klebsiella sp. WOUb2,0.657303371,Ben,2,25C,
C. elegans,E_K,E_E_R_R,E_31,Klebsiella sp. WOUb2,0.717514124,Ben,3,25C,
C. elegans,E_K,E_E_R_R,E_32,Klebsiella sp. WOUb2,0.568807339,Will,4,25C,
C. elegans,E_K,E_E_R_R,E_33,Klebsiella sp. WOUb2,0.582089552,Will,1,25C,
C. elegans,E_K,E_E_R_R,E_34,Klebsiella sp. WOUb2,0.646067416,Will,2,25C,
C. elegans,E_K,E_E_R_R,E_35,Klebsiella sp. WOUb2,1.324561404,Austin,3,25C,
C. elegans,E_K,E_E_R_R,E_36,Klebsiella sp. WOUb2,0.675675676,Austin,4,25C,
C. elegans,E_K,E_E_R_R,E_37,Klebsiella sp. WOUb2,0.702970297,Tyler,1,25C,
C. elegans,E_K,E_E_R_R,E_38,Klebsiella sp. WOUb2,0.7875,Jackson,2,25C,
C. elegans,E_K,E_E_R_R,E_39,Klebsiella sp. WOUb2,0.807407407,Ben,3,25C,
C. elegans,E_K,E_E_R_R,E_40,Klebsiella sp. WOUb2,0.597014925,Austin,4,25C,
C. elegans,E_K,E_E_R_E,E_21,E. coli OP50,0.451807229,Tyler,1,25C,
C. elegans,E_K,E_E_R_E,E_22,E. coli OP50,0.249097473,Austin,2,25C,
C. elegans,E_K,E_E_R_E,E_23,E. coli OP50,NA,Tyler,3,25C,not_seeded
C. elegans,E_K,E_E_R_E,E_24,E. coli OP50,0.412121212,Tyler,4,25C,
C. elegans,E_K,E_E_R_E,E_25,E. coli OP50,0.643410853,Will,1,25C,
C. elegans,E_K,E_E_R_E,E_26,E. coli OP50,0.255144033,Austin,2,25C,
C. elegans,E_K,E_E_R_E,E_27,E. coli OP50,0.271186441,Tyler,3,25C,
C. elegans,E_K,E_E_R_E,E_28,E. coli OP50,0.402877698,Will,4,25C,
C. elegans,E_K,E_E_R_E,E_29,E. coli OP50,0.464788732,Tyler,1,25C,
C. elegans,E_K,E_E_R_E,E_30,E. coli OP50,0.303370787,Ben,2,25C,
C. elegans,E_K,E_E_R_E,E_31,E. coli OP50,0.259887006,Ben,3,25C,
C. elegans,E_K,E_E_R_E,E_32,E. coli OP50,0.412844037,Will,4,25C,
C. elegans,E_K,E_E_R_E,E_33,E. coli OP50,0.417910448,Will,1,25C,
C. elegans,E_K,E_E_R_E,E_34,E. coli OP50,0.331460674,Will,2,25C,
C. elegans,E_K,E_E_R_E,E_35,E. coli OP50,0.535087719,Austin,3,25C,
C. elegans,E_K,E_E_R_E,E_36,E. coli OP50,0.297297297,Austin,4,25C,
C. elegans,E_K,E_E_R_E,E_37,E. coli OP50,0.277227723,Tyler,1,25C,
C. elegans,E_K,E_E_R_E,E_38,E. coli OP50,0.1875,Jackson,2,25C,
C. elegans,E_K,E_E_R_E,E_39,E. coli OP50,0.17037037,Ben,3,25C,
C. elegans,E_K,E_E_R_E,E_40,E. coli OP50,0.388059701,Austin,4,25C,
C. elegans,E_S,E_E_S_E,E_41,E. coli OP50,0.3,Austin,1,25C,
C. elegans,E_S,E_E_S_E,E_42,E. coli OP50,0.36809816,Ben,2,25C,
C. elegans,E_S,E_E_S_E,E_43,E. coli OP50,0.355263158,Tyler,3,25C,
C. elegans,E_S,E_E_S_E,E_44,E. coli OP50,0.343612335,Jackson,4,25C,
C. elegans,E_S,E_E_S_E,E_45,E. coli OP50,0.496402878,Tyler,1,25C,
C. elegans,E_S,E_E_S_E,E_46,E. coli OP50,0.35,Ben,2,25C,
C. elegans,E_S,E_E_S_E,E_47,E. coli OP50,0.490740741,Ben,3,25C,
C. elegans,E_S,E_E_S_E,E_48,E. coli OP50,0.341614907,Austin,4,25C,
C. elegans,E_S,E_E_S_E,E_49,E. coli OP50,0.303370787,Will,1,25C,
C. elegans,E_S,E_E_S_E,E_50,E. coli OP50,0.266968326,Jackson,2,25C,
C. elegans,E_S,E_E_S_E,E_51,E. coli OP50,0.434782609,Tyler,3,25C,
C. elegans,E_S,E_E_S_E,E_52,E. coli OP50,0.37254902,Will,4,25C,
C. elegans,E_S,E_E_S_E,E_53,E. coli OP50,0.333333333,Tyler,1,25C,
C. elegans,E_S,E_E_S_E,E_54,E. coli OP50,0.47107438,Tyler,2,25C,
C. elegans,E_S,E_E_S_E,E_55,E. coli OP50,0.581395349,Will,3,25C,
C. elegans,E_S,E_E_S_E,E_56,E. coli OP50,0.273224044,Will,4,25C,
C. elegans,E_S,E_E_S_E,E_57,E. coli OP50,0.303225806,Will,1,25C,
C. elegans,E_S,E_E_S_E,E_58,E. coli OP50,0.52,Tyler,2,25C,
C. elegans,E_S,E_E_S_E,E_59,E. coli OP50,0.496774194,Ben,3,25C,
C. elegans,E_S,E_E_S_E,E_60,E. coli OP50,0.343434343,Jackson,4,25C,
C. elegans,E_S,E_E_S_S,E_41,Stenotrophomonas sp. WOUb1,0.7,Austin,1,25C,
C. elegans,E_S,E_E_S_S,E_42,Stenotrophomonas sp. WOUb1,0.613496933,Ben,2,25C,
C. elegans,E_S,E_E_S_S,E_43,Stenotrophomonas sp. WOUb1,0.638157895,Tyler,3,25C,
C. elegans,E_S,E_E_S_S,E_44,Stenotrophomonas sp. WOUb1,0.63876652,Jackson,4,25C,
C. elegans,E_S,E_E_S_S,E_45,Stenotrophomonas sp. WOUb1,0.503597122,Tyler,1,25C,
C. elegans,E_S,E_E_S_S,E_46,Stenotrophomonas sp. WOUb1,0.621428571,Ben,2,25C,
C. elegans,E_S,E_E_S_S,E_47,Stenotrophomonas sp. WOUb1,0.472222222,Ben,3,25C,
C. elegans,E_S,E_E_S_S,E_48,Stenotrophomonas sp. WOUb1,0.633540373,Austin,4,25C,
C. elegans,E_S,E_E_S_S,E_49,Stenotrophomonas sp. WOUb1,0.550561798,Will,1,25C,
C. elegans,E_S,E_E_S_S,E_50,Stenotrophomonas sp. WOUb1,0.701357466,Jackson,2,25C,
C. elegans,E_S,E_E_S_S,E_51,Stenotrophomonas sp. WOUb1,0.534161491,Tyler,3,25C,
C. elegans,E_S,E_E_S_S,E_52,Stenotrophomonas sp. WOUb1,0.31372549,Will,4,25C,
C. elegans,E_S,E_E_S_S,E_53,Stenotrophomonas sp. WOUb1,0.345454545,Tyler,1,25C,
C. elegans,E_S,E_E_S_S,E_54,Stenotrophomonas sp. WOUb1,0.52892562,Tyler,2,25C,
C. elegans,E_S,E_E_S_S,E_55,Stenotrophomonas sp. WOUb1,0.360465116,Will,3,25C,
C. elegans,E_S,E_E_S_S,E_56,Stenotrophomonas sp. WOUb1,0.726775956,Will,4,25C,
C. elegans,E_S,E_E_S_S,E_57,Stenotrophomonas sp. WOUb1,0.690322581,Will,1,25C,
C. elegans,E_S,E_E_S_S,E_58,Stenotrophomonas sp. WOUb1,0.466666667,Tyler,2,25C,
C. elegans,E_S,E_E_S_S,E_59,Stenotrophomonas sp. WOUb1,0.490322581,Ben,3,25C,
C. elegans,E_S,E_E_S_S,E_60,Stenotrophomonas sp. WOUb1,0.631313131,Jackson,4,25C,
C. elegans,K_S,E_R_S_R,E_1,Klebsiella sp. WOUb2,0.386206897,Will,1,25C,
C. elegans,K_S,E_R_S_R,E_2,Klebsiella sp. WOUb2,0.453703704,Jackson,2,25C,
C. elegans,K_S,E_R_S_R,E_3,Klebsiella sp. WOUb2,0.459349593,Jackson,3,25C,
C. elegans,K_S,E_R_S_R,E_4,Klebsiella sp. WOUb2,0.47826087,Will,4,25C,
C. elegans,K_S,E_R_S_R,E_5,Klebsiella sp. WOUb2,0.664285714,Tyler,1,25C,
C. elegans,K_S,E_R_S_R,E_6,Klebsiella sp. WOUb2,0.443181818,Jackson,2,25C,
C. elegans,K_S,E_R_S_R,E_7,Klebsiella sp. WOUb2,0.39869281,Tyler,3,25C,
C. elegans,K_S,E_R_S_R,E_8,Klebsiella sp. WOUb2,0.56097561,Ben,4,25C,
C. elegans,K_S,E_R_S_R,E_9,Klebsiella sp. WOUb2,0.505882353,Ben,1,25C,
C. elegans,K_S,E_R_S_R,E_10,Klebsiella sp. WOUb2,0.554455446,Tyler,2,25C,
C. elegans,K_S,E_R_S_R,E_11,Klebsiella sp. WOUb2,0.474820144,Jackson,3,25C,
C. elegans,K_S,E_R_S_R,E_12,Klebsiella sp. WOUb2,0.386138614,Will,4,25C,
C. elegans,K_S,E_R_S_R,E_13,Klebsiella sp. WOUb2,0.229508197,Ben,1,25C,
C. elegans,K_S,E_R_S_R,E_14,Klebsiella sp. WOUb2,0.255172414,Austin,2,25C,
C. elegans,K_S,E_R_S_R,E_15,Klebsiella sp. WOUb2,0.387096774,Austin,3,25C,
C. elegans,K_S,E_R_S_R,E_16,Klebsiella sp. WOUb2,0.476190476,Austin,4,25C,
C. elegans,K_S,E_R_S_R,E_17,Klebsiella sp. WOUb2,0.448979592,Tyler,1,25C,
C. elegans,K_S,E_R_S_R,E_18,Klebsiella sp. WOUb2,0.45751634,Jackson,2,25C,
C. elegans,K_S,E_R_S_R,E_19,Klebsiella sp. WOUb2,0.28125,Ben,3,25C,
C. elegans,K_S,E_R_S_R,E_20,Klebsiella sp. WOUb2,0.338624339,Jackson,4,25C,
C. elegans,K_S,E_R_S_S,E_1,Stenotrophomonas sp. WOUb1,0.613793103,Will,1,25C,
C. elegans,K_S,E_R_S_S,E_2,Stenotrophomonas sp. WOUb1,0.527777778,Jackson,2,25C,
C. elegans,K_S,E_R_S_S,E_3,Stenotrophomonas sp. WOUb1,0.520325203,Jackson,3,25C,
C. elegans,K_S,E_R_S_S,E_4,Stenotrophomonas sp. WOUb1,0.485507246,Will,4,25C,
C. elegans,K_S,E_R_S_S,E_5,Stenotrophomonas sp. WOUb1,0.335714286,Tyler,1,25C,
C. elegans,K_S,E_R_S_S,E_6,Stenotrophomonas sp. WOUb1,0.539772727,Jackson,2,25C,
C. elegans,K_S,E_R_S_S,E_7,Stenotrophomonas sp. WOUb1,0.581699346,Tyler,3,25C,
C. elegans,K_S,E_R_S_S,E_8,Stenotrophomonas sp. WOUb1,0.402439024,Ben,4,25C,
C. elegans,K_S,E_R_S_S,E_9,Stenotrophomonas sp. WOUb1,0.447058824,Ben,1,25C,
C. elegans,K_S,E_R_S_S,E_10,Stenotrophomonas sp. WOUb1,0.435643564,Tyler,2,25C,
C. elegans,K_S,E_R_S_S,E_11,Stenotrophomonas sp. WOUb1,0.503597122,Jackson,3,25C,
C. elegans,K_S,E_R_S_S,E_12,Stenotrophomonas sp. WOUb1,0.564356436,Will,4,25C,
C. elegans,K_S,E_R_S_S,E_13,Stenotrophomonas sp. WOUb1,0.737704918,Ben,1,25C,
C. elegans,K_S,E_R_S_S,E_14,Stenotrophomonas sp. WOUb1,0.731034483,Austin,2,25C,
C. elegans,K_S,E_R_S_S,E_15,Stenotrophomonas sp. WOUb1,0.587096774,Austin,3,25C,
C. elegans,K_S,E_R_S_S,E_16,Stenotrophomonas sp. WOUb1,0.447619048,Austin,4,25C,
C. elegans,K_S,E_R_S_S,E_17,Stenotrophomonas sp. WOUb1,0.530612245,Tyler,1,25C,
C. elegans,K_S,E_R_S_S,E_18,Stenotrophomonas sp. WOUb1,0.529411765,Jackson,2,25C,
C. elegans,K_S,E_R_S_S,E_19,Stenotrophomonas sp. WOUb1,0.6875,Ben,3,25C,
C. elegans,K_S,E_R_S_S,E_20,Stenotrophomonas sp. WOUb1,0.624338624,Jackson,4,25C,
C. inopinata,E_K,I_E_R_N,I_26,No lawn,0.247619048,Jackson,1,25C,
C. inopinata,E_K,I_E_R_N,I_27,No lawn,0.207792208,Jackson,2,25C,
C. inopinata,E_K,I_E_R_N,I_28,No lawn,0.285714286,Will,3,25C,
C. inopinata,E_K,I_E_R_N,I_29,No lawn,0.293103448,Austin,4,25C,
C. inopinata,E_K,I_E_R_N,I_30,No lawn,0.225165563,Austin,1,25C,
C. inopinata,E_K,I_E_R_N,I_31,No lawn,0.169230769,Tyler,2,25C,
C. inopinata,E_K,I_E_R_N,I_32,No lawn,0.23255814,Austin,3,25C,
C. inopinata,E_K,I_E_R_N,I_33,No lawn,0.260869565,Will,4,25C,
C. inopinata,E_K,I_E_R_N,I_34,No lawn,0.123809524,Ben,1,25C,
C. inopinata,E_K,I_E_R_N,I_35,No lawn,0.180722892,Tyler,2,25C,
C. inopinata,E_K,I_E_R_N,I_36,No lawn,0.329787234,Austin,3,25C,
C. inopinata,E_K,I_E_R_N,I_37,No lawn,0.203125,Austin,4,25C,
C. inopinata,E_K,I_E_R_N,I_38,No lawn,0.152941176,Will,1,25C,
C. inopinata,E_K,I_E_R_N,I_39,No lawn,0.166666667,Ben,2,25C,
C. inopinata,E_K,I_E_R_N,I_40,No lawn,0.270588235,Tyler,3,25C,
C. inopinata,E_K,I_E_R_N,I_41,No lawn,0.253623188,Austin,4,25C,
C. inopinata,E_K,I_E_R_N,I_42,No lawn,0.203883495,Ben,1,25C,
C. inopinata,E_K,I_E_R_N,I_43,No lawn,0.172839506,Tyler,2,25C,
C. inopinata,E_K,I_E_R_N,I_44,No lawn,0.15,Ben,3,25C,
C. inopinata,E_K,I_E_R_N,I_45,No lawn,0.228346457,Austin,4,25C,
C. inopinata,E_K,I_E_R_N,I_46,No lawn,0.119565217,Tyler,1,25C,
C. inopinata,E_K,I_E_R_N,I_47,No lawn,0.134328358,Ben,2,25C,
C. inopinata,E_K,I_E_R_N,I_48,No lawn,0.101449275,Will,3,25C,
C. inopinata,E_K,I_E_R_N,I_49,No lawn,0.31496063,Austin,4,25C,
C. inopinata,E_K,I_E_R_N,I_50,No lawn,0.166666667,Ben,1,25C,
C. inopinata,E_S,I_E_S_N,I_51,No lawn,0.185185185,Tyler,1,25C,
C. inopinata,E_S,I_E_S_N,I_52,No lawn,0.422535211,Jackson,2,25C,
C. inopinata,E_S,I_E_S_N,I_53,No lawn,0.138297872,Tyler,3,25C,
C. inopinata,E_S,I_E_S_N,I_54,No lawn,0.208053691,Jackson,4,25C,
C. inopinata,E_S,I_E_S_N,I_55,No lawn,0.112359551,Will,1,25C,
C. inopinata,E_S,I_E_S_N,I_56,No lawn,0.323232323,Tyler,2,25C,
C. inopinata,E_S,I_E_S_N,I_57,No lawn,0.225806452,Tyler,3,25C,
C. inopinata,E_S,I_E_S_N,I_58,No lawn,0.2,Jackson,4,25C,
C. inopinata,E_S,I_E_S_N,I_59,No lawn,0.461538462,Austin,1,25C,
C. inopinata,E_S,I_E_S_N,I_60,No lawn,0.103448276,Tyler,2,25C,
C. inopinata,E_S,I_E_S_N,I_61,No lawn,0.182926829,Ben,3,25C,
C. inopinata,E_S,I_E_S_N,I_62,No lawn,0.01,Tyler,4,25C,
C. inopinata,E_S,I_E_S_N,I_63,No lawn,0.273584906,Will,1,25C,
C. inopinata,E_S,I_E_S_N,I_64,No lawn,0.184210526,Will,2,25C,
C. inopinata,E_S,I_E_S_N,I_65,No lawn,0.367521368,Jackson,3,25C,
C. inopinata,E_S,I_E_S_N,I_66,No lawn,0.21686747,Jackson,4,25C,
C. inopinata,E_S,I_E_S_N,I_67,No lawn,0.323529412,Tyler,1,25C,
C. inopinata,E_S,I_E_S_N,I_68,No lawn,0.320754717,Tyler,2,25C,
C. inopinata,E_S,I_E_S_N,I_69,No lawn,0.166666667,Tyler,3,25C,
C. inopinata,E_S,I_E_S_N,I_70,No lawn,0.382716049,Will,4,25C,
C. inopinata,E_S,I_E_S_N,I_71,No lawn,0.261904762,Austin,1,25C,
C. inopinata,E_S,I_E_S_N,I_72,No lawn,0.401960784,Austin,2,25C,
C. inopinata,E_S,I_E_S_N,I_73,No lawn,0.306122449,Will,3,25C,
C. inopinata,E_S,I_E_S_N,I_74,No lawn,0.266666667,Ben,4,25C,
C. inopinata,E_S,I_E_S_N,I_75,No lawn,0.15942029,Will,1,25C,
C. inopinata,K_S,I_R_S_N,I_1,No lawn,0.190217391,Will,1,25C,
C. inopinata,K_S,I_R_S_N,I_2,No lawn,0.226666667,Jackson,2,25C,
C. inopinata,K_S,I_R_S_N,I_3,No lawn,0.219178082,Jackson,3,25C,
C. inopinata,K_S,I_R_S_N,I_4,No lawn,0.292993631,Austin,4,25C,
C. inopinata,K_S,I_R_S_N,I_5,No lawn,0.164556962,Will,1,25C,
C. inopinata,K_S,I_R_S_N,I_6,No lawn,0.260869565,Ben,2,25C,
C. inopinata,K_S,I_R_S_N,I_7,No lawn,0.342857143,Austin,3,25C,
C. inopinata,K_S,I_R_S_N,I_8,No lawn,0.361111111,Austin,4,25C,
C. inopinata,K_S,I_R_S_N,I_9,No lawn,0.392156863,Ben,1,25C,
C. inopinata,K_S,I_R_S_N,I_10,No lawn,0.23655914,Ben,2,25C,
C. inopinata,K_S,I_R_S_N,I_11,No lawn,0.224489796,Ben,3,25C,
C. inopinata,K_S,I_R_S_N,I_12,No lawn,0.075,Tyler,4,25C,
C. inopinata,K_S,I_R_S_N,I_13,No lawn,0.223300971,Will,1,25C,
C. inopinata,K_S,I_R_S_N,I_14,No lawn,0.322580645,Austin,2,25C,
C. inopinata,K_S,I_R_S_N,I_15,No lawn,0.333333333,Tyler,3,25C,
C. inopinata,K_S,I_R_S_N,I_16,No lawn,0.279069767,Ben,4,25C,
C. inopinata,K_S,I_R_S_N,I_17,No lawn,0.426470588,Jackson,1,25C,
C. inopinata,K_S,I_R_S_N,I_18,No lawn,0.216981132,Jackson,2,25C,
C. inopinata,K_S,I_R_S_N,I_19,No lawn,0.149425287,Will,3,25C,
C. inopinata,K_S,I_R_S_N,I_20,No lawn,0.365853659,Ben,4,25C,
C. inopinata,K_S,I_R_S_N,I_21,No lawn,0.413793103,Jackson,1,25C,
C. inopinata,K_S,I_R_S_N,I_22,No lawn,0.203389831,Ben,2,25C,
C. inopinata,K_S,I_R_S_N,I_23,No lawn,0.214285714,Jackson,3,25C,
C. inopinata,K_S,I_R_S_N,I_24,No lawn,0.240384615,Austin,4,25C,
C. inopinata,K_S,I_R_S_N,I_25,No lawn,0.226890756,Austin,1,25C,
C. elegans,E_K,E_E_R_N,E_21,No lawn,0.012048193,Tyler,1,25C,
C. elegans,E_K,E_E_R_N,E_22,No lawn,0.025270758,Austin,2,25C,
C. elegans,E_K,E_E_R_N,E_23,No lawn,NA,Tyler,3,25C,not_seeded
C. elegans,E_K,E_E_R_N,E_24,No lawn,0.018181818,Tyler,4,25C,
C. elegans,E_K,E_E_R_N,E_25,No lawn,0.007751938,Will,1,25C,
C. elegans,E_K,E_E_R_N,E_26,No lawn,0.032921811,Austin,2,25C,
C. elegans,E_K,E_E_R_N,E_27,No lawn,0.016949153,Tyler,3,25C,
C. elegans,E_K,E_E_R_N,E_28,No lawn,0.007194245,Will,4,25C,
C. elegans,E_K,E_E_R_N,E_29,No lawn,0.007042254,Tyler,1,25C,
C. elegans,E_K,E_E_R_N,E_30,No lawn,0.039325843,Ben,2,25C,
C. elegans,E_K,E_E_R_N,E_31,No lawn,0.02259887,Ben,3,25C,
C. elegans,E_K,E_E_R_N,E_32,No lawn,0.018348624,Will,4,25C,
C. elegans,E_K,E_E_R_N,E_33,No lawn,0,Will,1,25C,
C. elegans,E_K,E_E_R_N,E_34,No lawn,0.02247191,Will,2,25C,
C. elegans,E_K,E_E_R_N,E_35,No lawn,0.01754386,Austin,3,25C,
C. elegans,E_K,E_E_R_N,E_36,No lawn,0.027027027,Austin,4,25C,
C. elegans,E_K,E_E_R_N,E_37,No lawn,0.01980198,Tyler,1,25C,
C. elegans,E_K,E_E_R_N,E_38,No lawn,0.025,Jackson,2,25C,
C. elegans,E_K,E_E_R_N,E_39,No lawn,0.022222222,Ben,3,25C,
C. elegans,E_K,E_E_R_N,E_40,No lawn,0.014925373,Austin,4,25C,
C. elegans,E_S,E_E_S_N,E_41,No lawn,0,Austin,1,25C,
C. elegans,E_S,E_E_S_N,E_42,No lawn,0.018404908,Ben,2,25C,
C. elegans,E_S,E_E_S_N,E_43,No lawn,0.006578947,Tyler,3,25C,
C. elegans,E_S,E_E_S_N,E_44,No lawn,0.017621145,Jackson,4,25C,
C. elegans,E_S,E_E_S_N,E_45,No lawn,0,Tyler,1,25C,
C. elegans,E_S,E_E_S_N,E_46,No lawn,0.028571429,Ben,2,25C,
C. elegans,E_S,E_E_S_N,E_47,No lawn,0.037037037,Ben,3,25C,
C. elegans,E_S,E_E_S_N,E_48,No lawn,0.02484472,Austin,4,25C,
C. elegans,E_S,E_E_S_N,E_49,No lawn,0.146067416,Will,1,25C,
C. elegans,E_S,E_E_S_N,E_50,No lawn,0.031674208,Jackson,2,25C,
C. elegans,E_S,E_E_S_N,E_51,No lawn,0.031055901,Tyler,3,25C,
C. elegans,E_S,E_E_S_N,E_52,No lawn,0.31372549,Will,4,25C,
C. elegans,E_S,E_E_S_N,E_53,No lawn,0.018181818,Tyler,1,25C,
C. elegans,E_S,E_E_S_N,E_54,No lawn,0,Tyler,2,25C,
C. elegans,E_S,E_E_S_N,E_55,No lawn,0.058139535,Will,3,25C,
C. elegans,E_S,E_E_S_N,E_56,No lawn,0,Will,4,25C,
C. elegans,E_S,E_E_S_N,E_57,No lawn,0.006451613,Will,1,25C,
C. elegans,E_S,E_E_S_N,E_58,No lawn,0.013333333,Tyler,2,25C,
C. elegans,E_S,E_E_S_N,E_59,No lawn,0.012903226,Ben,3,25C,
C. elegans,E_S,E_E_S_N,E_60,No lawn,0.025252525,Jackson,4,25C,
C. elegans,K_S,E_R_S_N,E_1,No lawn,0,Will,1,25C,
C. elegans,K_S,E_R_S_N,E_2,No lawn,0.018518519,Jackson,2,25C,
C. elegans,K_S,E_R_S_N,E_3,No lawn,0.020325203,Jackson,3,25C,
C. elegans,K_S,E_R_S_N,E_4,No lawn,0.036231884,Will,4,25C,
C. elegans,K_S,E_R_S_N,E_5,No lawn,0,Tyler,1,25C,
C. elegans,K_S,E_R_S_N,E_6,No lawn,0.017045455,Jackson,2,25C,
C. elegans,K_S,E_R_S_N,E_7,No lawn,0.019607843,Tyler,3,25C,
C. elegans,K_S,E_R_S_N,E_8,No lawn,0.036585366,Ben,4,25C,
C. elegans,K_S,E_R_S_N,E_9,No lawn,0.047058824,Ben,1,25C,
C. elegans,K_S,E_R_S_N,E_10,No lawn,0.00990099,Tyler,2,25C,
C. elegans,K_S,E_R_S_N,E_11,No lawn,0.021582734,Jackson,3,25C,
C. elegans,K_S,E_R_S_N,E_12,No lawn,0.04950495,Will,4,25C,
C. elegans,K_S,E_R_S_N,E_13,No lawn,0.032786885,Ben,1,25C,
C. elegans,K_S,E_R_S_N,E_14,No lawn,0.013793103,Austin,2,25C,
C. elegans,K_S,E_R_S_N,E_15,No lawn,0.025806452,Austin,3,25C,
C. elegans,K_S,E_R_S_N,E_16,No lawn,0.076190476,Austin,4,25C,
C. elegans,K_S,E_R_S_N,E_17,No lawn,0.020408163,Tyler,1,25C,
C. elegans,K_S,E_R_S_N,E_18,No lawn,0.013071895,Jackson,2,25C,
C. elegans,K_S,E_R_S_N,E_19,No lawn,0.03125,Ben,3,25C,
C. elegans,K_S,E_R_S_N,E_20,No lawn,0.037037037,Jackson,4,25C,