species,bacteria,sp_bac,plate_ID,in_lawn,total_embryos,life
C. elegans,Klebsiella sp. WOUb2,CE_W2,1,49,49,LIVING
C. elegans,Klebsiella sp. WOUb2,CE_W2,2,6,7,LIVING
C. elegans,Klebsiella sp. WOUb2,CE_W2,3,0,0,DEAD
C. elegans,Klebsiella sp. WOUb2,CE_W2,4,44,45,LIVING
C. elegans,Klebsiella sp. WOUb2,CE_W2,5,48,48,LIVING
C. elegans,Klebsiella sp. WOUb2,CE_W2,6,30,30,LIVING
C. elegans,Klebsiella sp. WOUb2,CE_W2,7,15,16,LIVING
C. elegans,Klebsiella sp. WOUb2,CE_W2,8,0,0,DEAD
C. elegans,Klebsiella sp. WOUb2,CE_W2,9,36,38,LIVING
C. elegans,Klebsiella sp. WOUb2,CE_W2,10,34,34,LIVING
C. elegans,Klebsiella sp. WOUb2,CE_W2,11,55,55,LIVING
C. elegans,Klebsiella sp. WOUb2,CE_W2,12,62,63,LIVING
C. elegans,Klebsiella sp. WOUb2,CE_W2,13,40,43,LIVING
C. elegans,Klebsiella sp. WOUb2,CE_W2,14,8,8,LIVING
C. elegans,Klebsiella sp. WOUb2,CE_W2,15,44,46,LIVING
C. elegans,Klebsiella sp. WOUb2,CE_W2,16,0,3,LIVING
C. elegans,Klebsiella sp. WOUb2,CE_W2,17,16,16,LIVING
C. elegans,Klebsiella sp. WOUb2,CE_W2,18,0,0,DEAD
C. elegans,Klebsiella sp. WOUb2,CE_W2,19,0,0,DEAD
C. elegans,Klebsiella sp. WOUb2,CE_W2,20,20,21,LIVING
C. elegans,Klebsiella sp. WOUb2,CE_W2,21,9,12,LIVING
C. elegans,Klebsiella sp. WOUb2,CE_W2,22,29,29,LIVING
C. elegans,Klebsiella sp. WOUb2,CE_W2,23,30,33,LIVING
C. elegans,Klebsiella sp. WOUb2,CE_W2,24,45,45,LIVING
C. elegans,Klebsiella sp. WOUb2,CE_W2,25,48,48,LIVING
C. elegans,Klebsiella sp. WOUb2,CE_W2,26,46,46,LIVING
C. elegans,Klebsiella sp. WOUb2,CE_W2,27,31,32,LIVING
C. elegans,Klebsiella sp. WOUb2,CE_W2,28,8,8,LIVING
C. elegans,Klebsiella sp. WOUb2,CE_W2,29,17,17,LIVING
C. elegans,Klebsiella sp. WOUb2,CE_W2,30,1,1,LIVING
C. elegans,Klebsiella sp. WOUb2,CE_W2,31,0,0,LIVING
C. elegans,Klebsiella sp. WOUb2,CE_W2,32,14,14,LIVING
C. elegans,Klebsiella sp. WOUb2,CE_W2,33,54,56,LIVING
C. elegans,Klebsiella sp. WOUb2,CE_W2,34,20,26,LIVING
C. elegans,Klebsiella sp. WOUb2,CE_W2,35,42,42,LIVING
C. elegans,Klebsiella sp. WOUb2,CE_W2,36,35,35,LIVING
C. elegans,Klebsiella sp. WOUb2,CE_W2,37,2,2,LIVING
C. elegans,Klebsiella sp. WOUb2,CE_W2,38,36,36,LIVING
C. elegans,Klebsiella sp. WOUb2,CE_W2,39,0,0,DEAD
C. elegans,Klebsiella sp. WOUb2,CE_W2,40,23,23,LIVING
C. elegans,Klebsiella sp. WOUb2,CE_W2,41,36,47,LIVING
C. elegans,Klebsiella sp. WOUb2,CE_W2,42,0,0,DEAD
C. elegans,Klebsiella sp. WOUb2,CE_W2,43,6,13,LIVING
C. elegans,Klebsiella sp. WOUb2,CE_W2,44,0,0,LIVING
C. elegans,Klebsiella sp. WOUb2,CE_W2,45,13,13,LIVING
C. elegans,Klebsiella sp. WOUb2,CE_W2,46,47,48,LIVING
C. elegans,Klebsiella sp. WOUb2,CE_W2,47,19,19,LIVING
C. elegans,Klebsiella sp. WOUb2,CE_W2,48,33,33,LIVING
C. elegans,Klebsiella sp. WOUb2,CE_W2,49,41,41,LIVING
C. elegans,Klebsiella sp. WOUb2,CE_W2,50,21,22,LIVING
C. elegans,E. coli OP50,CE_50,51,2,2,LIVING
C. elegans,E. coli OP50,CE_50,52,0,0,LIVING
C. elegans,E. coli OP50,CE_50,53,0,0,DEAD
C. elegans,E. coli OP50,CE_50,54,0,0,DEAD
C. elegans,E. coli OP50,CE_50,55,31,31,LIVING
C. elegans,E. coli OP50,CE_50,56,2,7,LIVING
C. elegans,E. coli OP50,CE_50,57,33,33,LIVING
C. elegans,E. coli OP50,CE_50,58,8,9,LIVING
C. elegans,E. coli OP50,CE_50,59,1,2,LIVING
C. elegans,E. coli OP50,CE_50,60,0,0,LIVING
C. elegans,E. coli OP50,CE_50,61,20,22,LIVING
C. elegans,E. coli OP50,CE_50,62,23,31,LIVING
C. elegans,E. coli OP50,CE_50,63,0,0,DEAD
C. elegans,E. coli OP50,CE_50,64,13,13,LIVING
C. elegans,E. coli OP50,CE_50,65,0,2,LIVING
C. elegans,E. coli OP50,CE_50,66,0,0,DEAD
C. elegans,E. coli OP50,CE_50,67,17,17,LIVING
C. elegans,E. coli OP50,CE_50,68,21,26,LIVING
C. elegans,E. coli OP50,CE_50,69,28,31,LIVING
C. elegans,E. coli OP50,CE_50,70,0,0,DEAD
C. elegans,E. coli OP50,CE_50,71,2,4,LIVING
C. elegans,E. coli OP50,CE_50,72,0,0,DEAD
C. elegans,E. coli OP50,CE_50,73,0,0,LIVING
C. elegans,E. coli OP50,CE_50,74,0,2,LIVING
C. elegans,E. coli OP50,CE_50,75,24,26,LIVING
C. elegans,E. coli OP50,CE_50,76,3,4,LIVING
C. elegans,E. coli OP50,CE_50,77,0,2,LIVING
C. elegans,E. coli OP50,CE_50,78,0,3,LIVING
C. elegans,E. coli OP50,CE_50,79,23,28,LIVING
C. elegans,E. coli OP50,CE_50,80,0,0,DEAD
C. elegans,E. coli OP50,CE_50,81,0,0,DEAD
C. elegans,E. coli OP50,CE_50,82,1,1,LIVING
C. elegans,E. coli OP50,CE_50,83,0,0,DEAD
C. elegans,E. coli OP50,CE_50,84,0,0,DEAD
C. elegans,E. coli OP50,CE_50,85,0,0,DEAD
C. elegans,E. coli OP50,CE_50,86,0,0,LIVING
C. elegans,E. coli OP50,CE_50,87,0,0,DEAD
C. elegans,E. coli OP50,CE_50,88,0,0,DEAD
C. elegans,E. coli OP50,CE_50,89,0,0,DEAD
C. elegans,E. coli OP50,CE_50,90,0,0,DEAD
C. elegans,E. coli OP50,CE_50,91,0,0,DEAD
C. elegans,E. coli OP50,CE_50,92,6,9,LIVING
C. elegans,E. coli OP50,CE_50,93,0,0,DEAD
C. elegans,E. coli OP50,CE_50,94,15,15,LIVING
C. elegans,E. coli OP50,CE_50,95,8,10,LIVING
C. elegans,E. coli OP50,CE_50,96,0,0,LIVING
C. elegans,E. coli OP50,CE_50,97,0,0,DEAD
C. elegans,E. coli OP50,CE_50,98,5,9,LIVING
C. elegans,E. coli OP50,CE_50,99,15,15,LIVING
C. elegans,E. coli OP50,CE_50,100,0,0,DEAD
C. inopinata,E. coli OP50,CI_50,101,4,5,LIVING
C. inopinata,E. coli OP50,CI_50,102,5,18,LIVING
C. inopinata,E. coli OP50,CI_50,103,7,11,LIVING
C. inopinata,E. coli OP50,CI_50,104,0,0,DEAD
C. inopinata,E. coli OP50,CI_50,105,0,0,DEAD
C. inopinata,E. coli OP50,CI_50,106,4,5,LIVING
C. inopinata,E. coli OP50,CI_50,107,6,17,LIVING
C. inopinata,E. coli OP50,CI_50,108,7,9,LIVING
C. inopinata,E. coli OP50,CI_50,109,0,0,DEAD
C. inopinata,E. coli OP50,CI_50,110,0,0,LIVING
C. inopinata,E. coli OP50,CI_50,111,0,0,DEAD
C. inopinata,E. coli OP50,CI_50,112,1,6,LIVING
C. inopinata,E. coli OP50,CI_50,113,0,0,DEAD
C. inopinata,E. coli OP50,CI_50,114,7,7,LIVING
C. inopinata,E. coli OP50,CI_50,115,0,0,DEAD
C. inopinata,E. coli OP50,CI_50,116,12,16,LIVING
C. inopinata,E. coli OP50,CI_50,117,0,0,DEAD
C. inopinata,E. coli OP50,CI_50,118,0,7,LIVING
C. inopinata,E. coli OP50,CI_50,119,0,10,LIVING
C. inopinata,E. coli OP50,CI_50,120,0,0,DEAD
C. inopinata,E. coli OP50,CI_50,121,0,0,DEAD
C. inopinata,E. coli OP50,CI_50,122,0,1,LIVING
C. inopinata,E. coli OP50,CI_50,123,0,0,DEAD
C. inopinata,E. coli OP50,CI_50,124,0,0,DEAD
C. inopinata,E. coli OP50,CI_50,125,0,3,LIVING
C. inopinata,E. coli OP50,CI_50,126,10,18,LIVING
C. inopinata,E. coli OP50,CI_50,127,13,13,LIVING
C. inopinata,E. coli OP50,CI_50,128,3,6,LIVING
C. inopinata,E. coli OP50,CI_50,129,0,0,DEAD
C. inopinata,E. coli OP50,CI_50,130,17,17,LIVING
C. inopinata,E. coli OP50,CI_50,131,0,0,DEAD
C. inopinata,E. coli OP50,CI_50,132,0,0,DEAD
C. inopinata,E. coli OP50,CI_50,133,0,0,DEAD
C. inopinata,E. coli OP50,CI_50,134,4,7,LIVING
C. inopinata,E. coli OP50,CI_50,135,1,6,LIVING
C. inopinata,E. coli OP50,CI_50,136,0,0,DEAD
C. inopinata,E. coli OP50,CI_50,137,9,13,LIVING
C. inopinata,E. coli OP50,CI_50,138,5,6,LIVING
C. inopinata,E. coli OP50,CI_50,139,0,0,LIVING
C. inopinata,E. coli OP50,CI_50,140,0,7,LIVING
C. inopinata,E. coli OP50,CI_50,141,0,0,LIVING
C. inopinata,E. coli OP50,CI_50,142,0,0,LIVING
C. inopinata,E. coli OP50,CI_50,143,3,7,LIVING
C. inopinata,E. coli OP50,CI_50,144,0,2,LIVING
C. inopinata,E. coli OP50,CI_50,145,8,15,LIVING
C. inopinata,E. coli OP50,CI_50,146,0,8,LIVING
C. inopinata,E. coli OP50,CI_50,147,2,3,LIVING
C. inopinata,E. coli OP50,CI_50,148,0,4,LIVING
C. inopinata,E. coli OP50,CI_50,149,0,0,LIVING
C. inopinata,E. coli OP50,CI_50,150,0,1,LIVING
C. inopinata,Klebsiella sp. WOUb2,CI_W2,151,0,0,DEAD
C. inopinata,Klebsiella sp. WOUb2,CI_W2,152,1,3,LIVING
C. inopinata,Klebsiella sp. WOUb2,CI_W2,153,0,0,DEAD
C. inopinata,Klebsiella sp. WOUb2,CI_W2,154,0,0,DEAD
C. inopinata,Klebsiella sp. WOUb2,CI_W2,155,2,6,LIVING
C. inopinata,Klebsiella sp. WOUb2,CI_W2,156,0,0,DEAD
C. inopinata,Klebsiella sp. WOUb2,CI_W2,157,6,6,LIVING
C. inopinata,Klebsiella sp. WOUb2,CI_W2,158,0,0,DEAD
C. inopinata,Klebsiella sp. WOUb2,CI_W2,159,0,0,DEAD
C. inopinata,Klebsiella sp. WOUb2,CI_W2,160,10,12,LIVING
C. inopinata,Klebsiella sp. WOUb2,CI_W2,161,1,6,LIVING
C. inopinata,Klebsiella sp. WOUb2,CI_W2,162,1,4,LIVING
C. inopinata,Klebsiella sp. WOUb2,CI_W2,163,15,18,LIVING
C. inopinata,Klebsiella sp. WOUb2,CI_W2,164,0,0,DEAD
C. inopinata,Klebsiella sp. WOUb2,CI_W2,165,0,0,DEAD
C. inopinata,Klebsiella sp. WOUb2,CI_W2,166,16,16,LIVING
C. inopinata,Klebsiella sp. WOUb2,CI_W2,167,18,22,LIVING
C. inopinata,Klebsiella sp. WOUb2,CI_W2,168,6,6,LIVING
C. inopinata,Klebsiella sp. WOUb2,CI_W2,169,0,0,DEAD
C. inopinata,Klebsiella sp. WOUb2,CI_W2,170,0,0,DEAD
C. inopinata,Klebsiella sp. WOUb2,CI_W2,171,14,15,LIVING
C. inopinata,Klebsiella sp. WOUb2,CI_W2,172,5,5,LIVING
C. inopinata,Klebsiella sp. WOUb2,CI_W2,173,0,0,DEAD
C. inopinata,Klebsiella sp. WOUb2,CI_W2,174,0,1,LIVING
C. inopinata,Klebsiella sp. WOUb2,CI_W2,175,0,0,DEAD
C. inopinata,Klebsiella sp. WOUb2,CI_W2,176,3,3,LIVING
C. inopinata,Klebsiella sp. WOUb2,CI_W2,177,4,4,LIVING
C. inopinata,Klebsiella sp. WOUb2,CI_W2,178,5,11,LIVING
C. inopinata,Klebsiella sp. WOUb2,CI_W2,179,17,22,LIVING
C. inopinata,Klebsiella sp. WOUb2,CI_W2,180,1,1,LIVING
C. inopinata,Klebsiella sp. WOUb2,CI_W2,181,6,6,LIVING
C. inopinata,Klebsiella sp. WOUb2,CI_W2,182,17,17,LIVING
C. inopinata,Klebsiella sp. WOUb2,CI_W2,183,0,0,DEAD
C. inopinata,Klebsiella sp. WOUb2,CI_W2,184,0,0,DEAD
C. inopinata,Klebsiella sp. WOUb2,CI_W2,185,0,0,DEAD
C. inopinata,Klebsiella sp. WOUb2,CI_W2,186,0,0,DEAD
C. inopinata,Klebsiella sp. WOUb2,CI_W2,187,0,0,DEAD
C. inopinata,Klebsiella sp. WOUb2,CI_W2,188,0,0,DEAD
C. inopinata,Klebsiella sp. WOUb2,CI_W2,189,0,4,LIVING
C. inopinata,Klebsiella sp. WOUb2,CI_W2,190,12,13,LIVING
C. inopinata,Klebsiella sp. WOUb2,CI_W2,191,7,16,LIVING
C. inopinata,Klebsiella sp. WOUb2,CI_W2,192,4,4,LIVING
C. inopinata,Klebsiella sp. WOUb2,CI_W2,193,0,0,DEAD
C. inopinata,Klebsiella sp. WOUb2,CI_W2,194,0,0,DEAD
C. inopinata,Klebsiella sp. WOUb2,CI_W2,195,0,0,DEAD
C. inopinata,Klebsiella sp. WOUb2,CI_W2,196,2,2,LIVING
C. inopinata,Klebsiella sp. WOUb2,CI_W2,197,11,14,LIVING
C. inopinata,Klebsiella sp. WOUb2,CI_W2,198,0,0,DEAD
C. inopinata,Klebsiella sp. WOUb2,CI_W2,199,3,3,LIVING
C. inopinata,Klebsiella sp. WOUb2,CI_W2,200,8,8,LIVING