species,strain_worm,strain_bacteria,paired_with,experiment_number,trial_number,temperature,plate_ID,date_of_crossing,date_of_counting,number_worms,contamination,notes
C. inopinata,NKZ35,Klebsiella sp. nov.,NA,1,1,25,1_Ci,12_19_22,12_26_22,268,clean,
C. inopinata,NKZ35,Klebsiella sp. nov.,NA,1,1,25,2_Ci,12_19_22,12_26_22,166,clean,
C. inopinata,NKZ35,Klebsiella sp. nov.,NA,1,1,25,3_Ci,12_19_22,12_26_22,771,clean,
C. inopinata,NKZ35,Klebsiella sp. nov.,NA,1,1,25,4_Ci,12_19_22,12_26_22,2,clean,"no progeny, original worms"
C. inopinata,NKZ35,Klebsiella sp. nov.,NA,1,1,25,5_Ci,12_19_22,12_26_22,1,clean,"no progeny, original worms"
C. inopinata,NKZ35,Klebsiella sp. nov.,NA,1,1,25,6_Ci,12_19_22,12_26_22,3,clean,"no progeny, original worms"
C. inopinata,NKZ35,Klebsiella sp. nov.,NA,1,1,25,7_Ci,12_19_22,12_26_22,0,contaminated,"no worms, all dead"
C. inopinata,NKZ35,Klebsiella sp. nov.,NA,1,1,25,8_Ci,12_19_22,12_26_22,72,clean,
C. inopinata,NKZ35,Klebsiella sp. nov.,NA,1,1,25,9_Ci,12_19_22,12_26_22,3,contaminated,"no progeny, original worms"
C. inopinata,NKZ35,Klebsiella sp. nov.,NA,1,1,25,10_Ci,12_19_22,12_26_22,94,clean,
C. inopinata,NKZ35,Klebsiella sp. nov.,NA,1,1,25,11_Ci,12_19_22,12_26_22,2,clean,"no progeny, original worms"
C. inopinata,NKZ35,Klebsiella sp. nov.,NA,1,1,25,12_Ci,12_19_22,12_26_22,1141,clean,
C. inopinata,NKZ35,Klebsiella sp. nov.,NA,1,1,25,13_Ci,12_19_22,12_26_22,964,clean,
C. inopinata,NKZ35,Klebsiella sp. nov.,NA,1,1,25,14_Ci,12_19_22,12_26_22,367,clean,
C. inopinata,NKZ35,Klebsiella sp. nov.,NA,1,1,25,15_Ci,12_19_22,12_26_22,1,clean,"no progeny, original worms"
C. inopinata,NKZ35,Klebsiella sp. nov.,NA,1,1,25,16_Ci,12_19_22,12_26_22,4,clean,"no progeny, original worms"
C. inopinata,NKZ35,Klebsiella sp. nov.,NA,1,1,25,17_Ci,12_19_22,12_26_22,3,clean,"no progeny, original worms"
C. inopinata,NKZ35,Klebsiella sp. nov.,NA,1,1,25,18_Ci,12_19_22,12_26_22,1229,clean,
C. inopinata,NKZ35,Klebsiella sp. nov.,NA,1,1,25,19_Ci,12_19_22,12_26_22,3,clean,"no progeny, original worms"
C. inopinata,NKZ35,Klebsiella sp. nov.,NA,1,1,25,20_Ci,12_19_22,12_26_22,11,clean,
C. inopinata,NKZ35,Klebsiella sp. nov.,NA,1,1,25,21_Ci,12_19_22,12_26_22,4,clean,"no progeny, original worms"
C. inopinata,NKZ35,Klebsiella sp. nov.,NA,1,1,25,22_Ci,12_19_22,12_26_22,588,clean,
C. inopinata,NKZ35,Klebsiella sp. nov.,NA,1,1,25,23_Ci,12_19_22,12_26_22,892,clean,
C. inopinata,NKZ35,Klebsiella sp. nov.,NA,1,1,25,24_Ci,12_19_22,12_26_22,210,clean,
C. inopinata,NKZ35,Klebsiella sp. nov.,NA,1,1,25,25_Ci,12_19_22,12_26_22,546,clean,
C. inopinata,NKZ35,Klebsiella sp. nov.,NA,1,1,25,26_Ci,12_19_22,12_26_22,1024,clean,
C. inopinata,NKZ35,Klebsiella sp. nov.,NA,1,1,25,27_Ci,12_19_22,12_26_22,903,clean,
C. inopinata,NKZ35,Klebsiella sp. nov.,NA,1,1,25,28_Ci,12_19_22,12_26_22,856,clean,
C. inopinata,NKZ35,Klebsiella sp. nov.,NA,1,1,25,29_Ci,12_19_22,12_26_22,592,clean,
C. inopinata,NKZ35,Klebsiella sp. nov.,NA,1,1,25,30_Ci,12_19_22,12_26_22,648,clean,
C. inopinata,NKZ35,Klebsiella sp. nov.,NA,1,1,25,31_Ci,12_19_22,12_26_22,227,clean,
C. inopinata,NKZ35,Klebsiella sp. nov.,NA,1,1,25,32_Ci,12_19_22,12_26_22,354,clean,
C. inopinata,NKZ35,Klebsiella sp. nov.,NA,1,1,25,33_Ci,12_19_22,12_26_22,489,clean,
C. inopinata,NKZ35,Klebsiella sp. nov.,NA,1,1,25,34_Ci,12_19_22,12_26_22,716,clean,
C. inopinata,NKZ35,Klebsiella sp. nov.,NA,1,1,25,35_Ci,12_19_22,12_26_22,935,clean,
C. inopinata,NKZ35,OP50,Klebsiella sp. nov.,1,1,25,36_Ci,12_19_22,12_26_22,1,clean,"no progeny, original worms"
C. inopinata,NKZ35,OP50,Klebsiella sp. nov.,1,1,25,37_Ci,12_19_22,12_26_22,3,clean,"no progeny, original worms"
C. inopinata,NKZ35,OP50,Klebsiella sp. nov.,1,1,25,38_Ci,12_19_22,12_26_22,3,clean,"no progeny, original worms"
C. inopinata,NKZ35,OP50,Klebsiella sp. nov.,1,1,25,39_Ci,12_19_22,12_26_22,1,clean,"no progeny, original worms"
C. inopinata,NKZ35,OP50,Klebsiella sp. nov.,1,1,25,40_Ci,12_19_22,12_26_22,2,clean,"no progeny, original worms"
C. inopinata,NKZ35,OP50,Klebsiella sp. nov.,1,1,25,41_Ci,12_19_22,12_26_22,176,clean,
C. inopinata,NKZ35,OP50,Klebsiella sp. nov.,1,1,25,42_Ci,12_19_22,12_26_22,155,clean,
C. inopinata,NKZ35,OP50,Klebsiella sp. nov.,1,1,25,43_Ci,12_19_22,12_26_22,431,clean,
C. inopinata,NKZ35,OP50,Klebsiella sp. nov.,1,1,25,44_Ci,12_19_22,12_26_22,84,clean,
C. inopinata,NKZ35,OP50,Klebsiella sp. nov.,1,1,25,45_Ci,12_19_22,12_26_22,195,clean,
C. inopinata,NKZ35,OP50,Klebsiella sp. nov.,1,1,25,46_Ci,12_19_22,12_26_22,178,contaminated,
C. inopinata,NKZ35,OP50,Klebsiella sp. nov.,1,1,25,47_Ci,12_19_22,12_26_22,123,clean,
C. inopinata,NKZ35,OP50,Klebsiella sp. nov.,1,1,25,48_Ci,12_19_22,12_26_22,263,clean,
C. inopinata,NKZ35,OP50,Klebsiella sp. nov.,1,1,25,49_Ci,12_19_22,12_26_22,282,clean,
C. inopinata,NKZ35,OP50,Klebsiella sp. nov.,1,1,25,50_Ci,12_19_22,12_26_22,146,clean,
C. inopinata,NKZ35,OP50,Klebsiella sp. nov.,1,1,25,51_Ci,12_19_22,12_26_22,109,contaminated,
C. inopinata,NKZ35,OP50,Klebsiella sp. nov.,1,1,25,52_Ci,12_19_22,12_26_22,0,contaminated,"no worms, all dead"
C. inopinata,NKZ35,OP50,Klebsiella sp. nov.,1,1,25,53_Ci,12_19_22,12_26_22,3,clean,"no progeny, original worms"
C. inopinata,NKZ35,OP50,Klebsiella sp. nov.,1,1,25,54_Ci,12_19_22,12_26_22,67,clean,
C. inopinata,NKZ35,OP50,Klebsiella sp. nov.,1,1,25,55_Ci,12_19_22,12_26_22,2,clean,"no progeny, original worms"
C. inopinata,NKZ35,WOUB1,NA,2,1,25,56_Ci,02_01_23,02_08_23,367,clean,
C. inopinata,NKZ35,WOUB1,NA,2,1,25,57_Ci,02_01_23,02_08_23,164,clean,
C. inopinata,NKZ35,WOUB1,NA,2,1,25,58_Ci,02_01_23,02_08_23,491,clean,
C. inopinata,NKZ35,WOUB1,NA,2,1,25,59_Ci,02_01_23,02_08_23,163,clean,
C. inopinata,NKZ35,WOUB1,NA,2,1,25,60_Ci,02_01_23,02_08_23,270,clean,
C. inopinata,NKZ35,WOUB1,NA,2,1,25,61_Ci,02_01_23,02_08_23,151,clean,
C. inopinata,NKZ35,WOUB1,NA,2,1,25,62_Ci,02_01_23,02_08_23,10,clean,
C. inopinata,NKZ35,WOUB1,NA,2,1,25,63_Ci,02_01_23,02_08_23,1,contaminated,"no progeny, original worms"
C. inopinata,NKZ35,WOUB1,NA,2,1,25,64_Ci,02_01_23,02_08_23,310,clean,
C. inopinata,NKZ35,WOUB1,NA,2,1,25,65_Ci,02_01_23,02_08_23,196,clean,
C. inopinata,NKZ35,WOUB1,NA,2,1,25,66_Ci,02_01_23,02_08_23,38,clean,
C. inopinata,NKZ35,WOUB1,NA,2,1,25,67_Ci,02_01_23,02_08_23,462,clean,
C. inopinata,NKZ35,WOUB1,NA,2,1,25,68_Ci,02_01_23,02_08_23,344,clean,
C. inopinata,NKZ35,WOUB1,NA,2,1,25,69_Ci,02_01_23,02_08_23,2,contaminated,"no progeny, original worms"
C. inopinata,NKZ35,WOUB1,NA,2,1,25,70_Ci,02_01_23,02_08_23,2,contaminated,"no progeny, original worms"
C. inopinata,NKZ35,WOUB1,NA,2,1,25,71_Ci,02_01_23,02_08_23,149,clean,
C. inopinata,NKZ35,WOUB1,NA,2,1,25,72_Ci,02_01_23,02_08_23,2,contaminated,"no progeny, original worms"
C. inopinata,NKZ35,WOUB1,NA,2,1,25,73_Ci,02_01_23,02_08_23,414,clean,
C. inopinata,NKZ35,WOUB1,NA,2,1,25,74_Ci,02_01_23,02_08_23,289,clean,
C. inopinata,NKZ35,WOUB1,NA,2,1,25,75_Ci,02_01_23,02_08_23,119,clean,
C. inopinata,NKZ35,WOUB1,NA,2,1,25,76_Ci,02_01_23,02_08_23,105,clean,
C. inopinata,NKZ35,WOUB1,NA,2,1,25,77_Ci,02_01_23,02_08_23,154,clean,
C. inopinata,NKZ35,WOUB1,NA,2,1,25,78_Ci,02_01_23,02_08_23,76,clean,
C. inopinata,NKZ35,WOUB1,NA,2,1,25,79_Ci,02_01_23,02_08_23,44,clean,
C. inopinata,NKZ35,WOUB1,NA,2,1,25,80_Ci,02_01_23,02_08_23,0,clean,"no worms, all dead"
C. inopinata,NKZ35,WOUB1,NA,2,1,25,81_Ci,02_01_23,02_08_23,122,clean,
C. inopinata,NKZ35,WOUB1,NA,2,1,25,82_Ci,02_01_23,02_08_23,260,clean,
C. inopinata,NKZ35,WOUB1,NA,2,1,25,83_Ci,02_01_23,02_08_23,4,clean,"no progeny, original worms"
C. inopinata,NKZ35,WOUB1,NA,2,1,25,84_Ci,02_01_23,02_08_23,208,clean,
C. inopinata,NKZ35,WOUB1,NA,2,1,25,85_Ci,02_01_23,02_08_23,1,contaminated,"no progeny, original worms"
C. inopinata,NKZ35,WOUB1,NA,2,1,25,86_Ci,02_01_23,02_08_23,96,clean,
C. inopinata,NKZ35,WOUB1,NA,2,1,25,87_Ci,02_01_23,02_08_23,139,clean,
C. inopinata,NKZ35,WOUB1,NA,2,1,25,88_Ci,02_01_23,02_08_23,453,clean,
C. inopinata,NKZ35,WOUB1,NA,2,1,25,89_Ci,02_01_23,02_08_23,107,clean,
C. inopinata,NKZ35,WOUB1,NA,2,1,25,90_Ci,02_01_23,02_08_23,1,contaminated,"no progeny, original worms"
C. inopinata,NKZ35,WOUB1,NA,2,1,25,91_Ci,02_01_23,02_08_23,38,clean,
C. inopinata,NKZ35,OP50,WOUB1,2,1,25,92_Ci,02_01_23,02_08_23,137,clean,
C. inopinata,NKZ35,OP50,WOUB1,2,1,25,93_Ci,02_01_23,02_08_23,129,clean,
C. inopinata,NKZ35,OP50,WOUB1,2,1,25,94_Ci,02_01_23,02_08_23,641,clean,
C. inopinata,NKZ35,OP50,WOUB1,2,1,25,95_Ci,02_01_23,02_08_23,67,clean,
C. inopinata,NKZ35,OP50,WOUB1,2,1,25,96_Ci,02_01_23,02_08_23,306,clean,
C. inopinata,NKZ35,OP50,WOUB1,2,1,25,97_Ci,02_01_23,02_08_23,24,clean,
C. inopinata,NKZ35,OP50,WOUB1,2,1,25,98_Ci,02_01_23,02_08_23,0,contaminated,"no worms, all dead"
C. inopinata,NKZ35,OP50,WOUB1,2,1,25,99_Ci,02_01_23,02_08_23,45,contaminated,
C. inopinata,NKZ35,OP50,WOUB1,2,1,25,100_Ci,02_01_23,02_08_23,267,contaminated,
C. inopinata,NKZ35,OP50,WOUB1,2,1,25,101_Ci,02_01_23,02_08_23,144,contaminated,
C. inopinata,NKZ35,OP50,WOUB1,2,1,25,102_Ci,02_01_23,02_08_23,0,contaminated,"no worms, all dead"
C. inopinata,NKZ35,OP50,WOUB1,2,1,25,103_Ci,02_01_23,02_08_23,75,clean,
C. inopinata,NKZ35,OP50,WOUB1,2,1,25,104_Ci,02_01_23,02_08_23,40,clean,
C. inopinata,NKZ35,OP50,WOUB1,2,1,25,105_Ci,02_01_23,02_08_23,0,clean,"no worms, all dead"
C. inopinata,NKZ35,OP50,WOUB1,2,1,25,106_Ci,02_01_23,02_08_23,66,clean,
C. inopinata,NKZ35,OP50,WOUB1,2,1,25,107_Ci,02_01_23,02_08_23,157,clean,
C. inopinata,NKZ35,OP50,WOUB1,2,1,25,108_Ci,02_01_23,02_08_23,113,contaminated,
C. inopinata,NKZ35,OP50,WOUB1,2,1,25,109_Ci,02_01_23,02_08_23,185,clean,
C. inopinata,NKZ35,OP50,WOUB1,2,1,25,110_Ci,02_01_23,02_08_23,159,clean,
C. inopinata,NKZ35,OP50,WOUB1,2,1,25,111_Ci,02_01_23,02_08_23,382,clean,
C. inopinata,NKZ35,Klebsiella sp. nov.,NA,1,2,25,112_Ci,02_22_23,03_01_23,866,clean,
C. inopinata,NKZ35,Klebsiella sp. nov.,NA,1,2,25,113_Ci,02_22_23,03_01_23,1,contaminated,"no progeny, original worms"
C. inopinata,NKZ35,Klebsiella sp. nov.,NA,1,2,25,114_Ci,02_22_23,03_01_23,451,clean,
C. inopinata,NKZ35,Klebsiella sp. nov.,NA,1,2,25,115_Ci,02_22_23,03_01_23,68,contaminated,
C. inopinata,NKZ35,Klebsiella sp. nov.,NA,1,2,25,116_Ci,02_22_23,03_01_23,295,clean,
C. inopinata,NKZ35,Klebsiella sp. nov.,NA,1,2,25,117_Ci,02_22_23,03_01_23,1,contaminated,"no progeny, original worms"
C. inopinata,NKZ35,Klebsiella sp. nov.,NA,1,2,25,118_Ci,02_22_23,03_01_23,628,clean,
C. inopinata,NKZ35,Klebsiella sp. nov.,NA,1,2,25,119_Ci,02_22_23,03_01_23,611,clean,
C. inopinata,NKZ35,Klebsiella sp. nov.,NA,1,2,25,120_Ci,02_22_23,03_01_23,765,clean,
C. inopinata,NKZ35,Klebsiella sp. nov.,NA,1,2,25,121_Ci,02_22_23,03_01_23,1889,clean,
C. inopinata,NKZ35,Klebsiella sp. nov.,NA,1,2,25,122_Ci,02_22_23,03_01_23,1138,clean,
C. inopinata,NKZ35,Klebsiella sp. nov.,NA,1,2,25,123_Ci,02_22_23,03_01_23,1009,clean,
C. inopinata,NKZ35,Klebsiella sp. nov.,NA,1,2,25,124_Ci,02_22_23,03_01_23,694,clean,
C. inopinata,NKZ35,Klebsiella sp. nov.,NA,1,2,25,125_Ci,02_22_23,03_01_23,345,clean,
C. inopinata,NKZ35,Klebsiella sp. nov.,NA,1,2,25,126_Ci,02_22_23,03_01_23,1041,clean,
C. inopinata,NKZ35,Klebsiella sp. nov.,NA,1,2,25,127_Ci,02_22_23,03_01_23,185,clean,
C. inopinata,NKZ35,Klebsiella sp. nov.,NA,1,2,25,128_Ci,02_22_23,03_01_23,1,contaminated,"no progeny, original worms"
C. inopinata,NKZ35,Klebsiella sp. nov.,NA,1,2,25,129_Ci,02_22_23,03_01_23,42,contaminated,
C. inopinata,NKZ35,Klebsiella sp. nov.,NA,1,2,25,130_Ci,02_22_23,03_01_23,57,contaminated,
C. inopinata,NKZ35,Klebsiella sp. nov.,NA,1,2,25,131_Ci,02_22_23,03_01_23,0,contaminated,"no worms, all dead"
C. inopinata,NKZ35,Klebsiella sp. nov.,NA,1,2,25,132_Ci,02_22_23,03_01_23,0,contaminated,"no worms, all dead"
C. inopinata,NKZ35,Klebsiella sp. nov.,NA,1,2,25,133_Ci,02_22_23,03_01_23,0,contaminated,"no worms, all dead"
C. inopinata,NKZ35,Klebsiella sp. nov.,NA,1,2,25,134_Ci,02_22_23,03_01_23,1,clean,"no progeny, original worms"
C. inopinata,NKZ35,Klebsiella sp. nov.,NA,1,2,25,135_Ci,02_22_23,03_01_23,43,clean,
C. inopinata,NKZ35,Klebsiella sp. nov.,NA,1,2,25,136_Ci,02_22_23,03_01_23,197,clean,
C. inopinata,NKZ35,Klebsiella sp. nov.,NA,1,2,25,137_Ci,02_22_23,03_01_23,181,clean,
C. inopinata,NKZ35,Klebsiella sp. nov.,NA,1,2,25,138_Ci,02_22_23,03_01_23,981,clean,
C. inopinata,NKZ35,Klebsiella sp. nov.,NA,1,2,25,139_Ci,02_22_23,03_01_23,208,clean,
C. inopinata,NKZ35,Klebsiella sp. nov.,NA,1,2,25,140_Ci,02_22_23,03_01_23,43,clean,
C. inopinata,NKZ35,Klebsiella sp. nov.,NA,1,2,25,141_Ci,02_22_23,03_01_23,805,contaminated,
C. inopinata,NKZ35,Klebsiella sp. nov.,NA,1,2,25,142_Ci,02_22_23,03_01_23,122,contaminated,
C. inopinata,NKZ35,Klebsiella sp. nov.,NA,1,2,25,143_Ci,02_22_23,03_01_23,307,contaminated,
C. inopinata,NKZ35,Klebsiella sp. nov.,NA,1,2,25,144_Ci,02_22_23,03_01_23,91,clean,
C. inopinata,NKZ35,Klebsiella sp. nov.,NA,1,2,25,145_Ci,02_22_23,03_01_23,1262,clean,
C. inopinata,NKZ35,Klebsiella sp. nov.,NA,1,2,25,146_Ci,02_22_23,03_01_23,466,clean,
C. inopinata,NKZ35,OP50,Klebsiella sp. nov.,1,2,25,147_Ci,02_22_23,03_01_23,0,contaminated,"no worms, all dead"
C. inopinata,NKZ35,OP50,Klebsiella sp. nov.,1,2,25,148_Ci,02_22_23,03_01_23,0,contaminated,"no worms, all dead"
C. inopinata,NKZ35,OP50,Klebsiella sp. nov.,1,2,25,149_Ci,02_22_23,03_01_23,577,clean,
C. inopinata,NKZ35,OP50,Klebsiella sp. nov.,1,2,25,150_Ci,02_22_23,03_01_23,353,clean,
C. inopinata,NKZ35,OP50,Klebsiella sp. nov.,1,2,25,151_Ci,02_22_23,03_01_23,314,clean,
C. inopinata,NKZ35,OP50,Klebsiella sp. nov.,1,2,25,152_Ci,02_22_23,03_01_23,0,contaminated,"no worms, all dead"
C. inopinata,NKZ35,OP50,Klebsiella sp. nov.,1,2,25,153_Ci,02_22_23,03_01_23,298,contaminated,
C. inopinata,NKZ35,OP50,Klebsiella sp. nov.,1,2,25,154_Ci,02_22_23,03_01_23,0,contaminated,"no worms, all dead"
C. inopinata,NKZ35,OP50,Klebsiella sp. nov.,1,2,25,155_Ci,02_22_23,03_01_23,0,contaminated,"no worms, all dead"
C. inopinata,NKZ35,OP50,Klebsiella sp. nov.,1,2,25,156_Ci,02_22_23,03_01_23,569,clean,
C. inopinata,NKZ35,OP50,Klebsiella sp. nov.,1,2,25,157_Ci,02_22_23,03_01_23,0,contaminated,"no worms, all dead"
C. inopinata,NKZ35,OP50,Klebsiella sp. nov.,1,2,25,158_Ci,02_22_23,03_01_23,0,contaminated,"no worms, all dead"
C. inopinata,NKZ35,OP50,Klebsiella sp. nov.,1,2,25,159_Ci,02_22_23,03_01_23,0,contaminated,"no worms, all dead"
C. inopinata,NKZ35,OP50,Klebsiella sp. nov.,1,2,25,160_Ci,02_22_23,03_01_23,0,contaminated,"no worms, all dead"
C. inopinata,NKZ35,OP50,Klebsiella sp. nov.,1,2,25,161_Ci,02_22_23,03_01_23,236,clean,
C. inopinata,NKZ35,OP50,Klebsiella sp. nov.,1,2,25,162_Ci,02_22_23,03_01_23,19,contaminated,
C. inopinata,NKZ35,OP50,Klebsiella sp. nov.,1,2,25,163_Ci,02_22_23,03_01_23,0,contaminated,"no worms, all dead"
C. inopinata,NKZ35,OP50,Klebsiella sp. nov.,1,2,25,164_Ci,02_22_23,03_01_23,0,contaminated,"no worms, all dead"
C. inopinata,NKZ35,OP50,Klebsiella sp. nov.,1,2,25,165_Ci,02_22_23,03_01_23,0,contaminated,"no worms, all dead"
C. inopinata,NKZ35,OP50,Klebsiella sp. nov.,1,2,25,166_Ci,02_22_23,03_01_23,232,clean,
C. inopinata,NKZ35,WOUB16,NA,3,1,25,167_Ci,02_23_23,03_02_23,312,clean,
C. inopinata,NKZ35,WOUB16,NA,3,1,25,168_Ci,02_23_23,03_02_23,127,clean,
C. inopinata,NKZ35,WOUB16,NA,3,1,25,169_Ci,02_23_23,03_02_23,162,clean,
C. inopinata,NKZ35,WOUB16,NA,3,1,25,170_Ci,02_23_23,03_02_23,244,clean,
C. inopinata,NKZ35,WOUB16,NA,3,1,25,171_Ci,02_23_23,03_02_23,0,contaminated,"no worms, all dead"
C. inopinata,NKZ35,WOUB16,NA,3,1,25,172_Ci,02_23_23,03_02_23,183,clean,
C. inopinata,NKZ35,WOUB16,NA,3,1,25,173_Ci,02_23_23,03_02_23,348,clean,
C. inopinata,NKZ35,WOUB16,NA,3,1,25,174_Ci,02_23_23,03_02_23,1,clean,"no progeny, original worms"
C. inopinata,NKZ35,WOUB16,NA,3,1,25,175_Ci,02_23_23,03_02_23,3,clean,"no progeny, original worms"
C. inopinata,NKZ35,WOUB16,NA,3,1,25,176_Ci,02_23_23,03_02_23,498,clean,
C. inopinata,NKZ35,WOUB16,NA,3,1,25,177_Ci,02_23_23,03_02_23,0,contaminated,"no worms, all dead"
C. inopinata,NKZ35,WOUB16,NA,3,1,25,178_Ci,02_23_23,03_02_23,167,clean,
C. inopinata,NKZ35,WOUB16,NA,3,1,25,179_Ci,02_23_23,03_02_23,203,clean,
C. inopinata,NKZ35,WOUB16,NA,3,1,25,180_Ci,02_23_23,03_02_23,1,clean,"no progeny, original worms"
C. inopinata,NKZ35,WOUB16,NA,3,1,25,181_Ci,02_23_23,03_02_23,1,clean,"no progeny, original worms"
C. inopinata,NKZ35,WOUB16,NA,3,1,25,182_Ci,02_23_23,03_02_23,1,clean,"no progeny, original worms"
C. inopinata,NKZ35,WOUB16,NA,3,1,25,183_Ci,02_23_23,03_02_23,185,clean,
C. inopinata,NKZ35,WOUB16,NA,3,1,25,184_Ci,02_23_23,03_02_23,1,clean,"no progeny, original worms"
C. inopinata,NKZ35,WOUB16,NA,3,1,25,185_Ci,02_23_23,03_02_23,2,clean,"no progeny, original worms"
C. inopinata,NKZ35,WOUB16,NA,3,1,25,186_Ci,02_23_23,03_02_23,2,clean,"no progeny, original worms"
C. inopinata,NKZ35,WOUB16,NA,3,1,25,187_Ci,02_23_23,03_02_23,3,clean,"no progeny, original worms"
C. inopinata,NKZ35,WOUB16,NA,3,1,25,188_Ci,02_23_23,03_02_23,4,clean,"no progeny, original worms"
C. inopinata,NKZ35,WOUB16,NA,3,1,25,189_Ci,02_23_23,03_02_23,1,clean,"no progeny, original worms"
C. inopinata,NKZ35,WOUB16,NA,3,1,25,190_Ci,02_23_23,03_02_23,0,contaminated,"no worms, all dead"
C. inopinata,NKZ35,WOUB16,NA,3,1,25,191_Ci,02_23_23,03_02_23,0,contaminated,"no worms, all dead"
C. inopinata,NKZ35,WOUB16,NA,3,1,25,192_Ci,02_23_23,03_02_23,1,clean,"no progeny, original worms"
C. inopinata,NKZ35,WOUB16,NA,3,1,25,193_Ci,02_23_23,03_02_23,0,contaminated,"no worms, all dead"
C. inopinata,NKZ35,WOUB16,NA,3,1,25,194_Ci,02_23_23,03_02_23,26,contaminated,
C. inopinata,NKZ35,WOUB16,NA,3,1,25,195_Ci,02_23_23,03_02_23,256,clean,
C. inopinata,NKZ35,WOUB16,NA,3,1,25,196_Ci,02_23_23,03_02_23,95,clean,
C. inopinata,NKZ35,WOUB16,NA,3,1,25,197_Ci,02_23_23,03_02_23,69,clean,
C. inopinata,NKZ35,WOUB16,NA,3,1,25,198_Ci,02_23_23,03_02_23,223,clean,
C. inopinata,NKZ35,WOUB16,NA,3,1,25,199_Ci,02_23_23,03_02_23,253,clean,
C. inopinata,NKZ35,WOUB16,NA,3,1,25,200_Ci,02_23_23,03_02_23,335,clean,
C. inopinata,NKZ35,WOUB16,NA,3,1,25,201_Ci,02_23_23,03_02_23,592,clean,
C. inopinata,NKZ35,OP50,WOUB16,3,1,25,202_Ci,02_23_23,03_02_23,5,contaminated,"no progeny, original worms"
C. inopinata,NKZ35,OP50,WOUB16,3,1,25,203_Ci,02_23_23,03_02_23,655,clean,
C. inopinata,NKZ35,OP50,WOUB16,3,1,25,204_Ci,02_23_23,03_02_23,109,contaminated,
C. inopinata,NKZ35,OP50,WOUB16,3,1,25,205_Ci,02_23_23,03_02_23,313,contaminated,
C. inopinata,NKZ35,OP50,WOUB16,3,1,25,206_Ci,02_23_23,03_02_23,3,contaminated,"no progeny, original worms"
C. inopinata,NKZ35,OP50,WOUB16,3,1,25,207_Ci,02_23_23,03_02_23,3,clean,"no progeny, original worms"
C. inopinata,NKZ35,OP50,WOUB16,3,1,25,208_Ci,02_23_23,03_02_23,192,clean,
C. inopinata,NKZ35,OP50,WOUB16,3,1,25,209_Ci,02_23_23,03_02_23,336,clean,
C. inopinata,NKZ35,OP50,WOUB16,3,1,25,210_Ci,02_23_23,03_02_23,5,contaminated,"no progeny, original worms"
C. inopinata,NKZ35,OP50,WOUB16,3,1,25,211_Ci,02_23_23,03_02_23,4,contaminated,"no progeny, original worms"
C. inopinata,NKZ35,OP50,WOUB16,3,1,25,212_Ci,02_23_23,03_02_23,4,contaminated,"no progeny, original worms"
C. inopinata,NKZ35,OP50,WOUB16,3,1,25,213_Ci,02_23_23,03_02_23,121,contaminated,
C. inopinata,NKZ35,OP50,WOUB16,3,1,25,214_Ci,02_23_23,03_02_23,1095,clean,
C. inopinata,NKZ35,OP50,WOUB16,3,1,25,215_Ci,02_23_23,03_02_23,5,contaminated,"no progeny, original worms"
C. inopinata,NKZ35,OP50,WOUB16,3,1,25,216_Ci,02_23_23,03_02_23,301,clean,
C. inopinata,NKZ35,OP50,WOUB16,3,1,25,217_Ci,02_23_23,03_02_23,237,contaminated,
C. inopinata,NKZ35,OP50,WOUB16,3,1,25,218_Ci,02_23_23,03_02_23,492,contaminated,
C. inopinata,NKZ35,OP50,WOUB16,3,1,25,219_Ci,02_23_23,03_02_23,3,contaminated,"no progeny, original worms"
C. inopinata,NKZ35,OP50,WOUB16,3,1,25,220_Ci,02_23_23,03_02_23,276,contaminated,
C. inopinata,NKZ35,OP50,WOUB16,3,1,25,221_Ci,02_23_23,03_02_23,357,clean,
C. inopinata,NKZ35,WOUB6,NA,4,1,25,222_Ci,03_11_23,03_18_23,30,clean,
C. inopinata,NKZ35,WOUB6,NA,4,1,25,223_Ci,03_11_23,03_18_23,0,clean,"no worms, all dead"
C. inopinata,NKZ35,WOUB6,NA,4,1,25,224_Ci,03_11_23,03_18_23,0,clean,"no worms, all dead"
C. inopinata,NKZ35,WOUB6,NA,4,1,25,225_Ci,03_11_23,03_18_23,158,clean,
C. inopinata,NKZ35,WOUB6,NA,4,1,25,226_Ci,03_11_23,03_18_23,191,clean,
C. inopinata,NKZ35,WOUB6,NA,4,1,25,227_Ci,03_11_23,03_18_23,92,clean,
C. inopinata,NKZ35,WOUB6,NA,4,1,25,228_Ci,03_11_23,03_18_23,661,clean,
C. inopinata,NKZ35,WOUB6,NA,4,1,25,229_Ci,03_11_23,03_18_23,2,clean,"no progeny, original worms"
C. inopinata,NKZ35,WOUB6,NA,4,1,25,230_Ci,03_11_23,03_18_23,51,clean,
C. inopinata,NKZ35,WOUB6,NA,4,1,25,231_Ci,03_11_23,03_18_23,113,clean,
C. inopinata,NKZ35,WOUB6,NA,4,1,25,232_Ci,03_11_23,03_18_23,85,clean,
C. inopinata,NKZ35,WOUB6,NA,4,1,25,233_Ci,03_11_23,03_18_23,561,clean,
C. inopinata,NKZ35,WOUB6,NA,4,1,25,234_Ci,03_11_23,03_18_23,0,contaminated,"no worms, all dead"
C. inopinata,NKZ35,WOUB6,NA,4,1,25,235_Ci,03_11_23,03_18_23,40,clean,
C. inopinata,NKZ35,WOUB6,NA,4,1,25,236_Ci,03_11_23,03_18_23,0,contaminated,"no worms, all dead"
C. inopinata,NKZ35,WOUB6,NA,4,1,25,237_Ci,03_11_23,03_18_23,338,clean,
C. inopinata,NKZ35,WOUB6,NA,4,1,25,238_Ci,03_11_23,03_18_23,1,contaminated,"no progeny, original worms"
C. inopinata,NKZ35,WOUB6,NA,4,1,25,239_Ci,03_11_23,03_18_23,0,contaminated,"no worms, all dead"
C. inopinata,NKZ35,WOUB6,NA,4,1,25,240_Ci,03_11_23,03_18_23,94,clean,
C. inopinata,NKZ35,WOUB6,NA,4,1,25,241_Ci,03_11_23,03_18_23,0,contaminated,"no worms, all dead"
C. inopinata,NKZ35,WOUB6,NA,4,1,25,242_Ci,03_11_23,03_18_23,1,clean,"no progeny, original worms"
C. inopinata,NKZ35,WOUB6,NA,4,1,25,243_Ci,03_11_23,03_18_23,3,clean,"no progeny, original worms"
C. inopinata,NKZ35,WOUB6,NA,4,1,25,244_Ci,03_11_23,03_18_23,52,clean,
C. inopinata,NKZ35,WOUB6,NA,4,1,25,245_Ci,03_11_23,03_18_23,1,clean,"no progeny, original worms"
C. inopinata,NKZ35,WOUB6,NA,4,1,25,246_Ci,03_11_23,03_18_23,1,clean,"no progeny, original worms"
C. inopinata,NKZ35,WOUB6,NA,4,1,25,247_Ci,03_11_23,03_18_23,0,clean,"no worms, all dead"
C. inopinata,NKZ35,WOUB6,NA,4,1,25,248_Ci,03_11_23,03_18_23,0,clean,"no worms, all dead"
C. inopinata,NKZ35,WOUB6,NA,4,1,25,249_Ci,03_11_23,03_18_23,0,clean,"no worms, all dead"
C. inopinata,NKZ35,WOUB6,NA,4,1,25,250_Ci,03_11_23,03_18_23,64,clean,
C. inopinata,NKZ35,WOUB6,NA,4,1,25,251_Ci,03_11_23,03_18_23,0,clean,"no worms, all dead"
C. inopinata,NKZ35,WOUB6,NA,4,1,25,252_Ci,03_11_23,03_18_23,223,clean,
C. inopinata,NKZ35,WOUB6,NA,4,1,25,253_Ci,03_11_23,03_18_23,704,clean,
C. inopinata,NKZ35,OP50,WOUB6,4,1,25,254_Ci,03_11_23,03_18_23,498,clean,
C. inopinata,NKZ35,OP50,WOUB6,4,1,25,255_Ci,03_11_23,03_18_23,82,clean,
C. inopinata,NKZ35,OP50,WOUB6,4,1,25,256_Ci,03_11_23,03_18_23,56,clean,
C. inopinata,NKZ35,OP50,WOUB6,4,1,25,257_Ci,03_11_23,03_18_23,0,contaminated,"no worms, all dead"
C. inopinata,NKZ35,OP50,WOUB6,4,1,25,258_Ci,03_11_23,03_18_23,577,clean,
C. inopinata,NKZ35,OP50,WOUB6,4,1,25,259_Ci,03_11_23,03_18_23,341,clean,
C. inopinata,NKZ35,OP50,WOUB6,4,1,25,260_Ci,03_11_23,03_18_23,78,clean,
C. inopinata,NKZ35,OP50,WOUB6,4,1,25,261_Ci,03_11_23,03_18_23,104,clean,
C. inopinata,NKZ35,OP50,WOUB6,4,1,25,262_Ci,03_11_23,03_18_23,129,clean,
C. inopinata,NKZ35,OP50,WOUB6,4,1,25,263_Ci,03_11_23,03_18_23,2,contaminated,"no progeny, original worms"
C. inopinata,NKZ35,OP50,WOUB6,4,1,25,264_Ci,03_11_23,03_18_23,0,contaminated,"no worms, all dead"
C. inopinata,NKZ35,OP50,WOUB6,4,1,25,265_Ci,03_11_23,03_18_23,4,contaminated,"no progeny, original worms"
C. inopinata,NKZ35,OP50,WOUB6,4,1,25,266_Ci,03_11_23,03_18_23,174,clean,
C. inopinata,NKZ35,OP50,WOUB6,4,1,25,267_Ci,03_11_23,03_18_23,1,contaminated,"no progeny, original worms"
C. inopinata,NKZ35,OP50,WOUB6,4,1,25,268_Ci,03_11_23,03_18_23,93,clean,
C. inopinata,NKZ35,OP50,WOUB6,4,1,25,269_Ci,03_11_23,03_18_23,45,clean,
C. inopinata,NKZ35,OP50,WOUB6,4,1,25,270_Ci,03_11_23,03_18_23,0,contaminated,"no worms, all dead"
C. inopinata,NKZ35,OP50,WOUB6,4,1,25,271_Ci,03_11_23,03_18_23,0,contaminated,"no worms, all dead"
C. inopinata,NKZ35,OP50,WOUB6,4,1,25,272_Ci,03_11_23,03_18_23,266,clean,
C. inopinata,NKZ35,OP50,WOUB6,4,1,25,273_Ci,03_11_23,03_18_23,1,contaminated,"no progeny, original worms"
C. inopinata,NKZ35,WOUB10,NA,5,1,25,274_Ci,03_14_23,03_21_23,128,clean,
C. inopinata,NKZ35,WOUB10,NA,5,1,25,275_Ci,03_14_23,03_21_23,52,clean,
C. inopinata,NKZ35,WOUB10,NA,5,1,25,276_Ci,03_14_23,03_21_23,NA,,
C. inopinata,NKZ35,WOUB10,NA,5,1,25,277_Ci,03_14_23,03_21_23,189,clean,
C. inopinata,NKZ35,WOUB10,NA,5,1,25,278_Ci,03_14_23,03_21_23,415,clean,
C. inopinata,NKZ35,WOUB10,NA,5,1,25,279_Ci,03_14_23,03_21_23,3,contaminated,"no progeny, original worms"
C. inopinata,NKZ35,WOUB10,NA,5,1,25,280_Ci,03_14_23,03_21_23,2,contaminated,"no progeny, original worms"
C. inopinata,NKZ35,WOUB10,NA,5,1,25,281_Ci,03_14_23,03_21_23,143,clean,
C. inopinata,NKZ35,WOUB10,NA,5,1,25,282_Ci,03_14_23,03_21_23,172,clean,
C. inopinata,NKZ35,WOUB10,NA,5,1,25,283_Ci,03_14_23,03_21_23,1,contaminated,"no progeny, original worms"
C. inopinata,NKZ35,WOUB10,NA,5,1,25,284_Ci,03_14_23,03_21_23,253,clean,
C. inopinata,NKZ35,WOUB10,NA,5,1,25,285_Ci,03_14_23,03_21_23,2,contaminated,"no progeny, original worms"
C. inopinata,NKZ35,WOUB10,NA,5,1,25,286_Ci,03_14_23,03_21_23,0,clean,"no worms, all dead"
C. inopinata,NKZ35,WOUB10,NA,5,1,25,287_Ci,03_14_23,03_21_23,2,clean,"no progeny, original worms"
C. inopinata,NKZ35,WOUB10,NA,5,1,25,288_Ci,03_14_23,03_21_23,107,clean,
C. inopinata,NKZ35,WOUB10,NA,5,1,25,289_Ci,03_14_23,03_21_23,75,contaminated,
C. inopinata,NKZ35,WOUB10,NA,5,1,25,290_Ci,03_14_23,03_21_23,0,clean,"no worms, all dead"
C. inopinata,NKZ35,WOUB10,NA,5,1,25,291_Ci,03_14_23,03_21_23,2,clean,"no progeny, original worms"
C. inopinata,NKZ35,WOUB10,NA,5,1,25,292_Ci,03_14_23,03_21_23,14,clean,
C. inopinata,NKZ35,WOUB10,NA,5,1,25,293_Ci,03_14_23,03_21_23,329,clean,
C. inopinata,NKZ35,WOUB10,NA,5,1,25,294_Ci,03_14_23,03_21_23,1,clean,"no progeny, original worms"
C. inopinata,NKZ35,WOUB10,NA,5,1,25,295_Ci,03_14_23,03_21_23,85,clean,
C. inopinata,NKZ35,WOUB10,NA,5,1,25,296_Ci,03_14_23,03_21_23,127,clean,
C. inopinata,NKZ35,WOUB10,NA,5,1,25,297_Ci,03_14_23,03_21_23,2,contaminated,"no progeny, original worms"
C. inopinata,NKZ35,WOUB10,NA,5,1,25,298_Ci,03_14_23,03_21_23,306,clean,
C. inopinata,NKZ35,WOUB10,NA,5,1,25,299_Ci,03_14_23,03_21_23,0,contaminated,"no worms, all dead"
C. inopinata,NKZ35,WOUB10,NA,5,1,25,300_Ci,03_14_23,03_21_23,2,contaminated,"no progeny, original worms"
C. inopinata,NKZ35,WOUB10,NA,5,1,25,301_Ci,03_14_23,03_21_23,2,clean,"no progeny, original worms"
C. inopinata,NKZ35,WOUB10,NA,5,1,25,302_Ci,03_14_23,03_21_23,318,clean,
C. inopinata,NKZ35,WOUB10,NA,5,1,25,303_Ci,03_14_23,03_21_23,1,contaminated,"no progeny, original worms"
C. inopinata,NKZ35,WOUB10,NA,5,1,25,304_Ci,03_14_23,03_21_23,297,clean,
C. inopinata,NKZ35,WOUB10,NA,5,1,25,305_Ci,03_14_23,03_21_23,1,contaminated,"no progeny, original worms"
C. inopinata,NKZ35,WOUB10,NA,5,1,25,306_Ci,03_14_23,03_21_23,2,contaminated,"no progeny, original worms"
C. inopinata,NKZ35,WOUB10,NA,5,1,25,307_Ci,03_14_23,03_21_23,1,clean,"no progeny, original worms"
C. inopinata,NKZ35,WOUB10,NA,5,1,25,308_Ci,03_14_23,03_21_23,4,clean,"no progeny, original worms"
C. inopinata,NKZ35,WOUB10,NA,5,1,25,309_Ci,03_14_23,03_21_23,142,clean,
C. inopinata,NKZ35,WOUB10,NA,5,1,25,310_Ci,03_14_23,03_21_23,0,contaminated,"no worms, all dead"
C. inopinata,NKZ35,WOUB10,NA,5,1,25,311_Ci,03_14_23,03_21_23,1,contaminated,"no progeny, original worms"
C. inopinata,NKZ35,WOUB10,NA,5,1,25,312_Ci,03_14_23,03_21_23,182,clean,
C. inopinata,NKZ35,OP50,WOUB10,5,1,25,313_Ci,03_14_23,03_21_23,348,clean,
C. inopinata,NKZ35,OP50,WOUB10,5,1,25,314_Ci,03_14_23,03_21_23,480,clean,
C. inopinata,NKZ35,OP50,WOUB10,5,1,25,315_Ci,03_14_23,03_21_23,546,clean,
C. inopinata,NKZ35,OP50,WOUB10,5,1,25,316_Ci,03_14_23,03_21_23,4,clean,"no progeny, original worms"
C. inopinata,NKZ35,OP50,WOUB10,5,1,25,317_Ci,03_14_23,03_21_23,427,contaminated,
C. inopinata,NKZ35,OP50,WOUB10,5,1,25,318_Ci,03_14_23,03_21_23,172,clean,
C. inopinata,NKZ35,OP50,WOUB10,5,1,25,319_Ci,03_14_23,03_21_23,849,clean,
C. inopinata,NKZ35,OP50,WOUB10,5,1,25,320_Ci,03_14_23,03_21_23,3,contaminated,"no progeny, original worms"
C. inopinata,NKZ35,OP50,WOUB10,5,1,25,321_Ci,03_14_23,03_21_23,2,contaminated,"no progeny, original worms"
C. inopinata,NKZ35,OP50,WOUB10,5,1,25,322_Ci,03_14_23,03_21_23,474,clean,
C. inopinata,NKZ35,OP50,WOUB10,5,1,25,323_Ci,03_14_23,03_21_23,506,contaminated,
C. inopinata,NKZ35,OP50,WOUB10,5,1,25,324_Ci,03_14_23,03_21_23,397,contaminated,
C. inopinata,NKZ35,OP50,WOUB10,5,1,25,325_Ci,03_14_23,03_21_23,703,clean,
C. inopinata,NKZ35,OP50,WOUB10,5,1,25,326_Ci,03_14_23,03_21_23,920,clean,
C. inopinata,NKZ35,OP50,WOUB10,5,1,25,327_Ci,03_14_23,03_21_23,4,contaminated,"no progeny, original worms"
C. inopinata,NKZ35,OP50,WOUB10,5,1,25,328_Ci,03_14_23,03_21_23,668,clean,
C. inopinata,NKZ35,OP50,WOUB10,5,1,25,329_Ci,03_14_23,03_21_23,321,clean,
C. inopinata,NKZ35,OP50,WOUB10,5,1,25,330_Ci,03_14_23,03_21_23,4,contaminated,"no progeny, original worms"
C. inopinata,NKZ35,OP50,WOUB10,5,1,25,331_Ci,03_14_23,03_21_23,1,contaminated,"no progeny, original worms"
C. inopinata,NKZ35,OP50,WOUB10,5,1,25,332_Ci,03_14_23,03_21_23,175,contaminated,
C. inopinata,NKZ35,WOUB18,NA,6,1,25,333_Ci,03_15_23,03_22_23,144,clean,
C. inopinata,NKZ35,WOUB18,NA,6,1,25,334_Ci,03_15_23,03_22_23,4,clean,"no progeny, original worms"
C. inopinata,NKZ35,WOUB18,NA,6,1,25,335_Ci,03_15_23,03_22_23,3,contaminated,"no progeny, original worms"
C. inopinata,NKZ35,WOUB18,NA,6,1,25,336_Ci,03_15_23,03_22_23,2,clean,"no progeny, original worms"
C. inopinata,NKZ35,WOUB18,NA,6,1,25,337_Ci,03_15_23,03_22_23,410,clean,
C. inopinata,NKZ35,WOUB18,NA,6,1,25,338_Ci,03_15_23,03_22_23,126,clean,
C. inopinata,NKZ35,WOUB18,NA,6,1,25,339_Ci,03_15_23,03_22_23,3,clean,"no progeny, original worms"
C. inopinata,NKZ35,WOUB18,NA,6,1,25,340_Ci,03_15_23,03_22_23,211,clean,
C. inopinata,NKZ35,WOUB18,NA,6,1,25,341_Ci,03_15_23,03_22_23,3,clean,"no progeny, original worms"
C. inopinata,NKZ35,WOUB18,NA,6,1,25,342_Ci,03_15_23,03_22_23,73,clean,
C. inopinata,NKZ35,WOUB18,NA,6,1,25,343_Ci,03_15_23,03_22_23,694,clean,
C. inopinata,NKZ35,WOUB18,NA,6,1,25,344_Ci,03_15_23,03_22_23,2,contaminated,"no progeny, original worms"
C. inopinata,NKZ35,WOUB18,NA,6,1,25,345_Ci,03_15_23,03_22_23,1219,clean,
C. inopinata,NKZ35,WOUB18,NA,6,1,25,346_Ci,03_15_23,03_22_23,6,clean,
C. inopinata,NKZ35,WOUB18,NA,6,1,25,347_Ci,03_15_23,03_22_23,1048,clean,
C. inopinata,NKZ35,WOUB18,NA,6,1,25,348_Ci,03_15_23,03_22_23,530,clean,
C. inopinata,NKZ35,WOUB18,NA,6,1,25,349_Ci,03_15_23,03_22_23,729,clean,
C. inopinata,NKZ35,WOUB18,NA,6,1,25,350_Ci,03_15_23,03_22_23,115,clean,
C. inopinata,NKZ35,WOUB18,NA,6,1,25,351_Ci,03_15_23,03_22_23,817,clean,
C. inopinata,NKZ35,WOUB18,NA,6,1,25,352_Ci,03_15_23,03_22_23,746,clean,
C. inopinata,NKZ35,WOUB18,NA,6,1,25,353_Ci,03_15_23,03_22_23,222,clean,
C. inopinata,NKZ35,WOUB18,NA,6,1,25,354_Ci,03_15_23,03_22_23,7,clean,
C. inopinata,NKZ35,WOUB18,NA,6,1,25,355_Ci,03_15_23,03_22_23,3,clean,"no progeny, original worms"
C. inopinata,NKZ35,WOUB18,NA,6,1,25,356_Ci,03_15_23,03_22_23,393,clean,
C. inopinata,NKZ35,WOUB18,NA,6,1,25,357_Ci,03_15_23,03_22_23,468,clean,
C. inopinata,NKZ35,WOUB18,NA,6,1,25,358_Ci,03_15_23,03_22_23,271,clean,
C. inopinata,NKZ35,WOUB18,NA,6,1,25,359_Ci,03_15_23,03_22_23,3,clean,"no progeny, original worms"
C. inopinata,NKZ35,WOUB18,NA,6,1,25,360_Ci,03_15_23,03_22_23,667,clean,
C. inopinata,NKZ35,WOUB18,NA,6,1,25,361_Ci,03_15_23,03_22_23,3,clean,"no progeny, original worms"
C. inopinata,NKZ35,WOUB18,NA,6,1,25,362_Ci,03_15_23,03_22_23,855,clean,
C. inopinata,NKZ35,WOUB18,NA,6,1,25,363_Ci,03_15_23,03_22_23,88,clean,
C. inopinata,NKZ35,WOUB18,NA,6,1,25,364_Ci,03_15_23,03_22_23,319,clean,
C. inopinata,NKZ35,WOUB18,NA,6,1,25,365_Ci,03_15_23,03_22_23,622,clean,
C. inopinata,NKZ35,WOUB18,NA,6,1,25,366_Ci,03_15_23,03_22_23,2,contaminated,"no progeny, original worms"
C. inopinata,NKZ35,WOUB18,NA,6,1,25,367_Ci,03_15_23,03_22_23,574,clean,
C. inopinata,NKZ35,OP50,WOUB18,6,1,25,368_Ci,03_15_23,03_22_23,1,contaminated,"no progeny, original worms"
C. inopinata,NKZ35,OP50,WOUB18,6,1,25,369_Ci,03_15_23,03_22_23,121,contaminated,
C. inopinata,NKZ35,OP50,WOUB18,6,1,25,370_Ci,03_15_23,03_22_23,129,contaminated,
C. inopinata,NKZ35,OP50,WOUB18,6,1,25,371_Ci,03_15_23,03_22_23,594,contaminated,
C. inopinata,NKZ35,OP50,WOUB18,6,1,25,372_Ci,03_15_23,03_22_23,1,contaminated,"no progeny, original worms"
C. inopinata,NKZ35,OP50,WOUB18,6,1,25,373_Ci,03_15_23,03_22_23,108,contaminated,
C. inopinata,NKZ35,OP50,WOUB18,6,1,25,374_Ci,03_15_23,03_22_23,209,contaminated,
C. inopinata,NKZ35,OP50,WOUB18,6,1,25,375_Ci,03_15_23,03_22_23,3,contaminated,"no progeny, original worms"
C. inopinata,NKZ35,OP50,WOUB18,6,1,25,376_Ci,03_15_23,03_22_23,98,contaminated,
C. inopinata,NKZ35,OP50,WOUB18,6,1,25,377_Ci,03_15_23,03_22_23,2,contaminated,"no progeny, original worms"
C. inopinata,NKZ35,OP50,WOUB18,6,1,25,378_Ci,03_15_23,03_22_23,10,contaminated,
C. inopinata,NKZ35,OP50,WOUB18,6,1,25,379_Ci,03_15_23,03_22_23,142,contaminated,
C. inopinata,NKZ35,OP50,WOUB18,6,1,25,380_Ci,03_15_23,03_22_23,115,contaminated,
C. inopinata,NKZ35,OP50,WOUB18,6,1,25,381_Ci,03_15_23,03_22_23,33,contaminated,
C. inopinata,NKZ35,OP50,WOUB18,6,1,25,382_Ci,03_15_23,03_22_23,163,contaminated,
C. inopinata,NKZ35,OP50,WOUB18,6,1,25,383_Ci,03_15_23,03_22_23,301,contaminated,
C. inopinata,NKZ35,OP50,WOUB18,6,1,25,384_Ci,03_15_23,03_22_23,375,contaminated,
C. inopinata,NKZ35,OP50,WOUB18,6,1,25,385_Ci,03_15_23,03_22_23,154,contaminated,
C. inopinata,NKZ35,OP50,WOUB18,6,1,25,386_Ci,03_15_23,03_22_23,18,contaminated,
C. inopinata,NKZ35,OP50,WOUB18,6,1,25,387_Ci,03_15_23,03_22_23,230,contaminated,
C. inopinata,NKZ35,WOUB22,NA,7,1,25,388_Ci,03_15_23,03_22_23,23,clean,
C. inopinata,NKZ35,WOUB22,NA,7,1,25,389_Ci,03_15_23,03_22_23,622,clean,
C. inopinata,NKZ35,WOUB22,NA,7,1,25,390_Ci,03_15_23,03_22_23,234,clean,
C. inopinata,NKZ35,WOUB22,NA,7,1,25,391_Ci,03_15_23,03_22_23,4,clean,"no progeny, original worms"
C. inopinata,NKZ35,WOUB22,NA,7,1,25,392_Ci,03_15_23,03_22_23,3,clean,"no progeny, original worms"
C. inopinata,NKZ35,WOUB22,NA,7,1,25,393_Ci,03_15_23,03_22_23,693,clean,
C. inopinata,NKZ35,WOUB22,NA,7,1,25,394_Ci,03_15_23,03_22_23,303,clean,
C. inopinata,NKZ35,WOUB22,NA,7,1,25,395_Ci,03_15_23,03_22_23,454,clean,
C. inopinata,NKZ35,WOUB22,NA,7,1,25,396_Ci,03_15_23,03_22_23,3,clean,"no progeny, original worms"
C. inopinata,NKZ35,WOUB22,NA,7,1,25,397_Ci,03_15_23,03_22_23,544,clean,
C. inopinata,NKZ35,WOUB22,NA,7,1,25,398_Ci,03_15_23,03_22_23,242,clean,
C. inopinata,NKZ35,WOUB22,NA,7,1,25,399_Ci,03_15_23,03_22_23,230,clean,
C. inopinata,NKZ35,WOUB22,NA,7,1,25,400_Ci,03_15_23,03_22_23,19,clean,
C. inopinata,NKZ35,WOUB22,NA,7,1,25,401_Ci,03_15_23,03_22_23,0,clean,"no worms, all dead"
C. inopinata,NKZ35,WOUB22,NA,7,1,25,402_Ci,03_15_23,03_22_23,413,clean,
C. inopinata,NKZ35,WOUB22,NA,7,1,25,403_Ci,03_15_23,03_22_23,201,clean,
C. inopinata,NKZ35,WOUB22,NA,7,1,25,404_Ci,03_15_23,03_22_23,153,clean,
C. inopinata,NKZ35,WOUB22,NA,7,1,25,405_Ci,03_15_23,03_22_23,310,clean,
C. inopinata,NKZ35,WOUB22,NA,7,1,25,406_Ci,03_15_23,03_22_23,2,contaminated,"no progeny, original worms"
C. inopinata,NKZ35,WOUB22,NA,7,1,25,407_Ci,03_15_23,03_22_23,358,clean,
C. inopinata,NKZ35,WOUB22,NA,7,1,25,408_Ci,03_15_23,03_22_23,555,clean,
C. inopinata,NKZ35,WOUB22,NA,7,1,25,409_Ci,03_15_23,03_22_23,219,clean,
C. inopinata,NKZ35,WOUB22,NA,7,1,25,410_Ci,03_15_23,03_22_23,233,clean,
C. inopinata,NKZ35,WOUB22,NA,7,1,25,411_Ci,03_15_23,03_22_23,1,clean,"no progeny, original worms"
C. inopinata,NKZ35,WOUB22,NA,7,1,25,412_Ci,03_15_23,03_22_23,191,clean,
C. inopinata,NKZ35,WOUB22,NA,7,1,25,413_Ci,03_15_23,03_22_23,4,contaminated,"no progeny, original worms"
C. inopinata,NKZ35,WOUB22,NA,7,1,25,414_Ci,03_15_23,03_22_23,3,contaminated,"no progeny, original worms"
C. inopinata,NKZ35,WOUB22,NA,7,1,25,415_Ci,03_15_23,03_22_23,501,clean,
C. inopinata,NKZ35,WOUB22,NA,7,1,25,416_Ci,03_15_23,03_22_23,356,clean,
C. inopinata,NKZ35,WOUB22,NA,7,1,25,417_Ci,03_15_23,03_22_23,2,clean,"no progeny, original worms"
C. inopinata,NKZ35,WOUB22,NA,7,1,25,418_Ci,03_15_23,03_22_23,76,clean,
C. inopinata,NKZ35,WOUB22,NA,7,1,25,419_Ci,03_15_23,03_22_23,4,clean,"no progeny, original worms"
C. inopinata,NKZ35,WOUB22,NA,7,1,25,420_Ci,03_15_23,03_22_23,335,clean,
C. inopinata,NKZ35,OP50,WOUB22,7,1,25,421_Ci,03_15_23,03_22_23,NA,contaminated,accidentally threw away before counting
C. inopinata,NKZ35,OP50,WOUB22,7,1,25,422_Ci,03_15_23,03_22_23,NA,contaminated,accidentally threw away before counting
C. inopinata,NKZ35,OP50,WOUB22,7,1,25,423_Ci,03_15_23,03_22_23,NA,contaminated,accidentally threw away before counting
C. inopinata,NKZ35,OP50,WOUB22,7,1,25,424_Ci,03_15_23,03_22_23,NA,contaminated,accidentally threw away before counting
C. inopinata,NKZ35,OP50,WOUB22,7,1,25,425_Ci,03_15_23,03_22_23,NA,contaminated,accidentally threw away before counting
C. inopinata,NKZ35,OP50,WOUB22,7,1,25,426_Ci,03_15_23,03_22_23,NA,contaminated,accidentally threw away before counting
C. inopinata,NKZ35,OP50,WOUB22,7,1,25,427_Ci,03_15_23,03_22_23,NA,contaminated,accidentally threw away before counting
C. inopinata,NKZ35,OP50,WOUB22,7,1,25,428_Ci,03_15_23,03_22_23,NA,contaminated,accidentally threw away before counting
C. inopinata,NKZ35,OP50,WOUB22,7,1,25,429_Ci,03_15_23,03_22_23,NA,contaminated,accidentally threw away before counting
C. inopinata,NKZ35,OP50,WOUB22,7,1,25,430_Ci,03_15_23,03_22_23,NA,contaminated,accidentally threw away before counting
C. inopinata,NKZ35,OP50,WOUB22,7,1,25,431_Ci,03_15_23,03_22_23,NA,contaminated,accidentally threw away before counting
C. inopinata,NKZ35,OP50,WOUB22,7,1,25,432_Ci,03_15_23,03_22_23,NA,contaminated,accidentally threw away before counting
C. inopinata,NKZ35,OP50,WOUB22,7,1,25,433_Ci,03_15_23,03_22_23,NA,contaminated,accidentally threw away before counting
C. inopinata,NKZ35,OP50,WOUB22,7,1,25,434_Ci,03_15_23,03_22_23,NA,contaminated,accidentally threw away before counting
C. inopinata,NKZ35,OP50,WOUB22,7,1,25,435_Ci,03_15_23,03_22_23,NA,contaminated,accidentally threw away before counting
C. inopinata,NKZ35,OP50,WOUB22,7,1,25,436_Ci,03_15_23,03_22_23,NA,contaminated,accidentally threw away before counting
C. inopinata,NKZ35,OP50,WOUB22,7,1,25,437_Ci,03_15_23,03_22_23,NA,contaminated,accidentally threw away before counting
C. inopinata,NKZ35,OP50,WOUB22,7,1,25,438_Ci,03_15_23,03_22_23,NA,contaminated,accidentally threw away before counting
C. inopinata,NKZ35,OP50,WOUB22,7,1,25,439_Ci,03_15_23,03_22_23,NA,contaminated,accidentally threw away before counting
C. inopinata,NKZ35,OP50,WOUB22,7,1,25,440_Ci,03_15_23,03_22_23,NA,contaminated,accidentally threw away before counting
C. inopinata,NKZ35,WOUB37,NA,8,1,25,441_Ci,07_12_23,07_19_23,2,clean,"no progeny, original worms"
C. inopinata,NKZ35,WOUB37,NA,8,1,25,442_Ci,07_12_23,07_19_23,0,contaminated,"no worms, all dead"
C. inopinata,NKZ35,WOUB37,NA,8,1,25,443_Ci,07_12_23,07_19_23,48,clean,
C. inopinata,NKZ35,WOUB37,NA,8,1,25,444_Ci,07_12_23,07_19_23,0,contaminated,"no worms, all dead"
C. inopinata,NKZ35,WOUB37,NA,8,1,25,445_Ci,07_12_23,07_19_23,216,clean,
C. inopinata,NKZ35,WOUB37,NA,8,1,25,446_Ci,07_12_23,07_19_23,1,contaminated,"no progeny, original worms"
C. inopinata,NKZ35,WOUB37,NA,8,1,25,447_Ci,07_12_23,07_19_23,0,contaminated,"no worms, all dead"
C. inopinata,NKZ35,WOUB37,NA,8,1,25,448_Ci,07_12_23,07_19_23,584,clean,
C. inopinata,NKZ35,WOUB37,NA,8,1,25,449_Ci,07_12_23,07_19_23,271,clean,
C. inopinata,NKZ35,WOUB37,NA,8,1,25,450_Ci,07_12_23,07_19_23,305,clean,
C. inopinata,NKZ35,WOUB37,NA,8,1,25,451_Ci,07_12_23,07_19_23,113,clean,
C. inopinata,NKZ35,WOUB37,NA,8,1,25,452_Ci,07_12_23,07_19_23,1,contaminated,"no progeny, original worms"
C. inopinata,NKZ35,WOUB37,NA,8,1,25,453_Ci,07_12_23,07_19_23,1,contaminated,"no progeny, original worms"
C. inopinata,NKZ35,WOUB37,NA,8,1,25,454_Ci,07_12_23,07_19_23,0,contaminated,"no worms, all dead"
C. inopinata,NKZ35,WOUB37,NA,8,1,25,455_Ci,07_12_23,07_19_23,1,contaminated,"no progeny, original worms"
C. inopinata,NKZ35,WOUB37,NA,8,1,25,456_Ci,07_12_23,07_19_23,639,clean,
C. inopinata,NKZ35,WOUB37,NA,8,1,25,457_Ci,07_12_23,07_19_23,0,contaminated,"no worms, all dead"
C. inopinata,NKZ35,WOUB37,NA,8,1,25,458_Ci,07_12_23,07_19_23,2,contaminated,"no progeny, original worms"
C. inopinata,NKZ35,WOUB37,NA,8,1,25,459_Ci,07_12_23,07_19_23,1,contaminated,"no progeny, original worms"
C. inopinata,NKZ35,WOUB37,NA,8,1,25,460_Ci,07_12_23,07_19_23,3,contaminated,"no progeny, original worms"
C. inopinata,NKZ35,WOUB37,NA,8,1,25,461_Ci,07_12_23,07_19_23,30,clean,
C. inopinata,NKZ35,WOUB37,NA,8,1,25,462_Ci,07_12_23,07_19_23,2,clean,"no progeny, original worms"
C. inopinata,NKZ35,WOUB37,NA,8,1,25,463_Ci,07_12_23,07_19_23,1,contaminated,"no progeny, original worms"
C. inopinata,NKZ35,WOUB37,NA,8,1,25,464_Ci,07_12_23,07_19_23,0,clean,"no worms, all dead"
C. inopinata,NKZ35,WOUB37,NA,8,1,25,465_Ci,07_12_23,07_19_23,709,clean,
C. inopinata,NKZ35,WOUB37,NA,8,1,25,466_Ci,07_12_23,07_19_23,322,clean,
C. inopinata,NKZ35,WOUB37,NA,8,1,25,467_Ci,07_12_23,07_19_23,2,contaminated,"no progeny, original worms"
C. inopinata,NKZ35,WOUB37,NA,8,1,25,468_Ci,07_12_23,07_19_23,0,contaminated,"no worms, all dead"
C. inopinata,NKZ35,WOUB37,NA,8,1,25,469_Ci,07_12_23,07_19_23,0,contaminated,"no worms, all dead"
C. inopinata,NKZ35,WOUB37,NA,8,1,25,470_Ci,07_12_23,07_19_23,1,contaminated,"no progeny, original worms"
C. inopinata,NKZ35,WOUB37,NA,8,1,25,471_Ci,07_12_23,07_19_23,454,clean,
C. inopinata,NKZ35,WOUB37,NA,8,1,25,472_Ci,07_12_23,07_19_23,367,clean,
C. inopinata,NKZ35,WOUB37,NA,8,1,25,473_Ci,07_12_23,07_19_23,0,contaminated,"no worms, all dead"
C. inopinata,NKZ35,WOUB37,NA,8,1,25,474_Ci,07_12_23,07_19_23,426,clean,
C. inopinata,NKZ35,WOUB37,NA,8,1,25,475_Ci,07_12_23,07_19_23,508,clean,
C. inopinata,NKZ35,OP50,WOUB37,8,1,25,476_Ci,07_12_23,07_19_23,1,clean,"no progeny, original worms"
C. inopinata,NKZ35,OP50,WOUB37,8,1,25,477_Ci,07_12_23,07_19_23,0,clean,"no worms, all dead"
C. inopinata,NKZ35,OP50,WOUB37,8,1,25,478_Ci,07_12_23,07_19_23,189,clean,
C. inopinata,NKZ35,OP50,WOUB37,8,1,25,479_Ci,07_12_23,07_19_23,1,contaminated,"no progeny, original worms"
C. inopinata,NKZ35,OP50,WOUB37,8,1,25,480_Ci,07_12_23,07_19_23,1,clean,"no progeny, original worms"
C. inopinata,NKZ35,OP50,WOUB37,8,1,25,481_Ci,07_12_23,07_19_23,0,clean,"no worms, all dead"
C. inopinata,NKZ35,OP50,WOUB37,8,1,25,482_Ci,07_12_23,07_19_23,531,clean,
C. inopinata,NKZ35,OP50,WOUB37,8,1,25,483_Ci,07_12_23,07_19_23,1,clean,"no progeny, original worms"
C. inopinata,NKZ35,OP50,WOUB37,8,1,25,484_Ci,07_12_23,07_19_23,2,clean,"no progeny, original worms"
C. inopinata,NKZ35,OP50,WOUB37,8,1,25,485_Ci,07_12_23,07_19_23,0,contaminated,"no worms, all dead"
C. inopinata,NKZ35,OP50,WOUB37,8,1,25,486_Ci,07_12_23,07_19_23,0,contaminated,"no worms, all dead"
C. inopinata,NKZ35,OP50,WOUB37,8,1,25,487_Ci,07_12_23,07_19_23,243,clean,
C. inopinata,NKZ35,OP50,WOUB37,8,1,25,488_Ci,07_12_23,07_19_23,0,clean,"no worms, all dead"
C. inopinata,NKZ35,OP50,WOUB37,8,1,25,489_Ci,07_12_23,07_19_23,160,clean,
C. inopinata,NKZ35,OP50,WOUB37,8,1,25,490_Ci,07_12_23,07_19_23,152,clean,
C. inopinata,NKZ35,OP50,WOUB37,8,1,25,491_Ci,07_12_23,07_19_23,386,clean,
C. inopinata,NKZ35,OP50,WOUB37,8,1,25,492_Ci,07_12_23,07_19_23,2,clean,"no progeny, original worms"
C. inopinata,NKZ35,OP50,WOUB37,8,1,25,493_Ci,07_12_23,07_19_23,3,clean,"no progeny, original worms"
C. inopinata,NKZ35,OP50,WOUB37,8,1,25,494_Ci,07_12_23,07_19_23,2,contaminated,"no progeny, original worms"
C. inopinata,NKZ35,OP50,WOUB37,8,1,25,495_Ci,07_12_23,07_19_23,125,clean,
C. inopinata,NKZ35,WOUB43,NA,9,1,25,496_Ci,07_12_23,07_19_23,0,contaminated,"no worms, all dead"
C. inopinata,NKZ35,WOUB43,NA,9,1,25,497_Ci,07_12_23,07_19_23,581,clean,
C. inopinata,NKZ35,WOUB43,NA,9,1,25,498_Ci,07_12_23,07_19_23,476,clean,
C. inopinata,NKZ35,WOUB43,NA,9,1,25,499_Ci,07_12_23,07_19_23,6,clean,"no progeny, original worms"
C. inopinata,NKZ35,WOUB43,NA,9,1,25,500_Ci,07_12_23,07_19_23,98,clean,
C. inopinata,NKZ35,WOUB43,NA,9,1,25,501_Ci,07_12_23,07_19_23,1,contaminated,"no progeny, original worms"
C. inopinata,NKZ35,WOUB43,NA,9,1,25,502_Ci,07_12_23,07_19_23,0,contaminated,"no worms, all dead"
C. inopinata,NKZ35,WOUB43,NA,9,1,25,503_Ci,07_12_23,07_19_23,0,contaminated,"no worms, all dead"
C. inopinata,NKZ35,WOUB43,NA,9,1,25,504_Ci,07_12_23,07_19_23,137,clean,
C. inopinata,NKZ35,WOUB43,NA,9,1,25,505_Ci,07_12_23,07_19_23,0,clean,"no worms, all dead"
C. inopinata,NKZ35,WOUB43,NA,9,1,25,506_Ci,07_12_23,07_19_23,2,clean,"no progeny, original worms"
C. inopinata,NKZ35,WOUB43,NA,9,1,25,507_Ci,07_12_23,07_19_23,104,clean,
C. inopinata,NKZ35,WOUB43,NA,9,1,25,508_Ci,07_12_23,07_19_23,0,contaminated,"no worms, all dead"
C. inopinata,NKZ35,WOUB43,NA,9,1,25,509_Ci,07_12_23,07_19_23,0,contaminated,"no worms, all dead"
C. inopinata,NKZ35,WOUB43,NA,9,1,25,510_Ci,07_12_23,07_19_23,235,clean,
C. inopinata,NKZ35,WOUB43,NA,9,1,25,511_Ci,07_12_23,07_19_23,2,clean,"no progeny, original worms"
C. inopinata,NKZ35,WOUB43,NA,9,1,25,512_Ci,07_12_23,07_19_23,3,clean,"no progeny, original worms"
C. inopinata,NKZ35,WOUB43,NA,9,1,25,513_Ci,07_12_23,07_19_23,0,contaminated,"no worms, all dead"
C. inopinata,NKZ35,WOUB43,NA,9,1,25,514_Ci,07_12_23,07_19_23,0,contaminated,"no worms, all dead"
C. inopinata,NKZ35,WOUB43,NA,9,1,25,515_Ci,07_12_23,07_19_23,149,clean,
C. inopinata,NKZ35,WOUB43,NA,9,1,25,516_Ci,07_12_23,07_19_23,2,clean,"no progeny, original worms"
C. inopinata,NKZ35,WOUB43,NA,9,1,25,517_Ci,07_12_23,07_19_23,786,clean,
C. inopinata,NKZ35,WOUB43,NA,9,1,25,518_Ci,07_12_23,07_19_23,2,clean,"no progeny, original worms"
C. inopinata,NKZ35,WOUB43,NA,9,1,25,519_Ci,07_12_23,07_19_23,852,clean,
C. inopinata,NKZ35,WOUB43,NA,9,1,25,520_Ci,07_12_23,07_19_23,2,clean,"no progeny, original worms"
C. inopinata,NKZ35,WOUB43,NA,9,1,25,521_Ci,07_12_23,07_19_23,564,clean,
C. inopinata,NKZ35,WOUB43,NA,9,1,25,522_Ci,07_12_23,07_19_23,1,clean,"no progeny, original worms"
C. inopinata,NKZ35,WOUB43,NA,9,1,25,523_Ci,07_12_23,07_19_23,1,clean,"no progeny, original worms"
C. inopinata,NKZ35,WOUB43,NA,9,1,25,524_Ci,07_12_23,07_19_23,121,clean,
C. inopinata,NKZ35,WOUB43,NA,9,1,25,525_Ci,07_12_23,07_19_23,73,clean,
C. inopinata,NKZ35,OP50,WOUB43,9,1,25,526_Ci,07_12_23,07_19_23,0,contaminated,"no worms, all dead"
C. inopinata,NKZ35,OP50,WOUB43,9,1,25,527_Ci,07_12_23,07_19_23,0,contaminated,"no worms, all dead"
C. inopinata,NKZ35,OP50,WOUB43,9,1,25,528_Ci,07_12_23,07_19_23,0,contaminated,"no worms, all dead"
C. inopinata,NKZ35,OP50,WOUB43,9,1,25,529_Ci,07_12_23,07_19_23,249,clean,
C. inopinata,NKZ35,OP50,WOUB43,9,1,25,530_Ci,07_12_23,07_19_23,1,contaminated,"no progeny, original worms"
C. inopinata,NKZ35,OP50,WOUB43,9,1,25,531_Ci,07_12_23,07_19_23,5,clean,"no progeny, original worms"
C. inopinata,NKZ35,OP50,WOUB43,9,1,25,532_Ci,07_12_23,07_19_23,3,contaminated,"no progeny, original worms"
C. inopinata,NKZ35,OP50,WOUB43,9,1,25,533_Ci,07_12_23,07_19_23,0,contaminated,"no worms, all dead"
C. inopinata,NKZ35,OP50,WOUB43,9,1,25,534_Ci,07_12_23,07_19_23,391,clean,
C. inopinata,NKZ35,OP50,WOUB43,9,1,25,535_Ci,07_12_23,07_19_23,1,contaminated,"no progeny, original worms"
C. inopinata,NKZ35,OP50,WOUB43,9,1,25,536_Ci,07_12_23,07_19_23,2,clean,"no progeny, original worms"
C. inopinata,NKZ35,OP50,WOUB43,9,1,25,537_Ci,07_12_23,07_19_23,0,contaminated,"no worms, all dead"
C. inopinata,NKZ35,OP50,WOUB43,9,1,25,538_Ci,07_12_23,07_19_23,74,clean,
C. inopinata,NKZ35,OP50,WOUB43,9,1,25,539_Ci,07_12_23,07_19_23,2,clean,"no progeny, original worms"
C. inopinata,NKZ35,OP50,WOUB43,9,1,25,540_Ci,07_12_23,07_19_23,1,contaminated,"no progeny, original worms"
C. inopinata,NKZ35,OP50,WOUB43,9,1,25,541_Ci,07_12_23,07_19_23,0,contaminated,"no worms, all dead"
C. inopinata,NKZ35,OP50,WOUB43,9,1,25,542_Ci,07_12_23,07_19_23,1,contaminated,"no progeny, original worms"
C. inopinata,NKZ35,OP50,WOUB43,9,1,25,543_Ci,07_12_23,07_19_23,0,contaminated,"no worms, all dead"
C. inopinata,NKZ35,OP50,WOUB43,9,1,25,544_Ci,07_12_23,07_19_23,2,contaminated,"no progeny, original worms"
C. inopinata,NKZ35,OP50,WOUB43,9,1,25,545_Ci,07_12_23,07_19_23,275,clean,
C. inopinata,NKZ35,WOUB9,NA,10,1,25,546_Ci,07_31_23,08_07_23,29,clean,
C. inopinata,NKZ35,WOUB9,NA,10,1,25,547_Ci,07_31_23,08_07_23,5,clean,"no progeny, original worms"
C. inopinata,NKZ35,WOUB9,NA,10,1,25,548_Ci,07_31_23,08_07_23,214,clean,
C. inopinata,NKZ35,WOUB9,NA,10,1,25,549_Ci,07_31_23,08_07_23,0,contaminated,"no worms, all dead"
C. inopinata,NKZ35,WOUB9,NA,10,1,25,550_Ci,07_31_23,08_07_23,0,contaminated,"no worms, all dead"
C. inopinata,NKZ35,WOUB9,NA,10,1,25,551_Ci,07_31_23,08_07_23,2,clean,"no progeny, original worms"
C. inopinata,NKZ35,WOUB9,NA,10,1,25,552_Ci,07_31_23,08_07_23,89,clean,
C. inopinata,NKZ35,WOUB9,NA,10,1,25,553_Ci,07_31_23,08_07_23,74,clean,
C. inopinata,NKZ35,WOUB9,NA,10,1,25,554_Ci,07_31_23,08_07_23,1,contaminated,"no progeny, original worms"
C. inopinata,NKZ35,WOUB9,NA,10,1,25,555_Ci,07_31_23,08_07_23,0,contaminated,"no worms, all dead"
C. inopinata,NKZ35,WOUB9,NA,10,1,25,556_Ci,07_31_23,08_07_23,0,contaminated,"no worms, all dead"
C. inopinata,NKZ35,WOUB9,NA,10,1,25,557_Ci,07_31_23,08_07_23,120,clean,
C. inopinata,NKZ35,WOUB9,NA,10,1,25,558_Ci,07_31_23,08_07_23,3,contaminated,"no progeny, original worms"
C. inopinata,NKZ35,WOUB9,NA,10,1,25,559_Ci,07_31_23,08_07_23,58,contaminated,
C. inopinata,NKZ35,WOUB9,NA,10,1,25,560_Ci,07_31_23,08_07_23,206,clean,
C. inopinata,NKZ35,WOUB9,NA,10,1,25,561_Ci,07_31_23,08_07_23,1,contaminated,"no progeny, original worms"
C. inopinata,NKZ35,WOUB9,NA,10,1,25,562_Ci,07_31_23,08_07_23,52,clean,
C. inopinata,NKZ35,WOUB9,NA,10,1,25,563_Ci,07_31_23,08_07_23,76,clean,
C. inopinata,NKZ35,WOUB9,NA,10,1,25,564_Ci,07_31_23,08_07_23,1,clean,"no progeny, original worms"
C. inopinata,NKZ35,WOUB9,NA,10,1,25,565_Ci,07_31_23,08_07_23,1,clean,"no progeny, original worms"
C. inopinata,NKZ35,WOUB9,NA,10,1,25,566_Ci,07_31_23,08_07_23,3,clean,"no progeny, original worms"
C. inopinata,NKZ35,WOUB9,NA,10,1,25,567_Ci,07_31_23,08_07_23,141,clean,
C. inopinata,NKZ35,WOUB9,NA,10,1,25,568_Ci,07_31_23,08_07_23,0,clean,"no worms, all dead"
C. inopinata,NKZ35,WOUB9,NA,10,1,25,569_Ci,07_31_23,08_07_23,2,clean,"no progeny, original worms"
C. inopinata,NKZ35,WOUB9,NA,10,1,25,570_Ci,07_31_23,08_07_23,10,contaminated,
C. inopinata,NKZ35,WOUB9,NA,10,1,25,571_Ci,07_31_23,08_07_23,1,contaminated,"no progeny, original worms"
C. inopinata,NKZ35,WOUB9,NA,10,1,25,572_Ci,07_31_23,08_07_23,0,contaminated,"no worms, all dead"
C. inopinata,NKZ35,WOUB9,NA,10,1,25,573_Ci,07_31_23,08_07_23,0,contaminated,"no worms, all dead"
C. inopinata,NKZ35,WOUB9,NA,10,1,25,574_Ci,07_31_23,08_07_23,1,contaminated,"no progeny, original worms"
C. inopinata,NKZ35,OP50,WOUB9,10,1,25,575_Ci,07_31_23,08_07_23,244,clean,
C. inopinata,NKZ35,OP50,WOUB9,10,1,25,576_Ci,07_31_23,08_07_23,386,clean,
C. inopinata,NKZ35,OP50,WOUB9,10,1,25,577_Ci,07_31_23,08_07_23,102,clean,
C. inopinata,NKZ35,OP50,WOUB9,10,1,25,578_Ci,07_31_23,08_07_23,467,clean,
C. inopinata,NKZ35,OP50,WOUB9,10,1,25,579_Ci,07_31_23,08_07_23,230,clean,
C. inopinata,NKZ35,OP50,WOUB9,10,1,25,580_Ci,07_31_23,08_07_23,508,clean,
C. inopinata,NKZ35,OP50,WOUB9,10,1,25,581_Ci,07_31_23,08_07_23,125,contaminated,
C. inopinata,NKZ35,OP50,WOUB9,10,1,25,582_Ci,07_31_23,08_07_23,79,contaminated,
C. inopinata,NKZ35,OP50,WOUB9,10,1,25,583_Ci,07_31_23,08_07_23,2,contaminated,"no progeny, original worms"
C. inopinata,NKZ35,OP50,WOUB9,10,1,25,584_Ci,07_31_23,08_07_23,127,clean,
C. inopinata,NKZ35,OP50,WOUB9,10,1,25,585_Ci,07_31_23,08_07_23,3,clean,"no progeny, original worms"
C. inopinata,NKZ35,OP50,WOUB9,10,1,25,586_Ci,07_31_23,08_07_23,211,clean,
C. inopinata,NKZ35,OP50,WOUB9,10,1,25,587_Ci,07_31_23,08_07_23,186,clean,
C. inopinata,NKZ35,OP50,WOUB9,10,1,25,588_Ci,07_31_23,08_07_23,435,clean,
C. inopinata,NKZ35,OP50,WOUB9,10,1,25,589_Ci,07_31_23,08_07_23,53,contaminated,
C. inopinata,NKZ35,OP50,WOUB9,10,1,25,590_Ci,07_31_23,08_07_23,3,contaminated,"no progeny, original worms"
C. inopinata,NKZ35,OP50,WOUB9,10,1,25,591_Ci,07_31_23,08_07_23,104,clean,
C. inopinata,NKZ35,OP50,WOUB9,10,1,25,592_Ci,07_31_23,08_07_23,66,contaminated,
C. inopinata,NKZ35,OP50,WOUB9,10,1,25,593_Ci,07_31_23,08_07_23,29,contaminated,
C. inopinata,NKZ35,OP50,WOUB9,10,1,25,594_Ci,07_31_23,08_07_23,258,clean,