species,strain_worm,strain_bacteria,paired_with,experiment_number,trial_number,temperature,plate_ID,date_of_crossing,date_of_counting_day_five,number_worms_day_five,contamination_day_five,notes_day_five,date_of_counting_day_seven,number_worms_day_seven,contamination_day_seven,notes_day_seven
C. elegans,PD1074,Klebsiella sp. WOUb2,NA,1,1,20,Ce_1,05_03_2023,05_08_2023,2485,clean,,05_10_2023,2702,clean,
C. elegans,PD1074,Klebsiella sp. WOUb2,NA,1,1,20,Ce_2,05_03_2023,05_08_2023,2137,clean,,05_10_2023,2280,clean,
C. elegans,PD1074,Klebsiella sp. WOUb2,NA,1,1,20,Ce_3,05_03_2023,05_08_2023,2261,clean,,05_10_2023,2593,clean,
C. elegans,PD1074,Klebsiella sp. WOUb2,NA,1,1,20,Ce_4,05_03_2023,05_08_2023,1983,clean,,05_10_2023,2154,clean,
C. elegans,PD1074,Klebsiella sp. WOUb2,NA,1,1,20,Ce_5,05_03_2023,05_08_2023,2014,clean,,05_10_2023,2168,clean,
C. elegans,PD1074,Klebsiella sp. WOUb2,NA,1,1,20,Ce_6,05_03_2023,05_08_2023,1250,clean,,05_10_2023,1749,clean,
C. elegans,PD1074,Klebsiella sp. WOUb2,NA,1,1,20,Ce_7,05_03_2023,05_08_2023,1446,clean,,05_10_2023,1885,clean,
C. elegans,PD1074,Klebsiella sp. WOUb2,NA,1,1,20,Ce_8,05_03_2023,05_08_2023,2432,clean,,05_10_2023,2516,clean,
C. elegans,PD1074,Klebsiella sp. WOUb2,NA,1,1,20,Ce_9,05_03_2023,05_08_2023,1678,clean,,05_10_2023,1692,clean,
C. elegans,PD1074,Klebsiella sp. WOUb2,NA,1,1,20,Ce_10,05_03_2023,05_08_2023,1951,contaminated,,05_10_2023,2473,contaminated,
C. elegans,PD1074,Klebsiella sp. WOUb2,NA,1,1,20,Ce_11,05_03_2023,05_08_2023,1329,clean,,05_10_2023,1710,clean,
C. elegans,PD1074,Klebsiella sp. WOUb2,NA,1,1,20,Ce_12,05_03_2023,05_08_2023,1874,clean,,05_10_2023,2044,clean,
C. elegans,PD1074,Klebsiella sp. WOUb2,NA,1,1,20,Ce_13,05_03_2023,05_08_2023,1906,clean,,05_10_2023,2241,clean,
C. elegans,PD1074,Klebsiella sp. WOUb2,NA,1,1,20,Ce_14,05_03_2023,05_08_2023,723,clean,,05_10_2023,1265,clean,
C. elegans,PD1074,Klebsiella sp. WOUb2,NA,1,1,20,Ce_15,05_03_2023,05_08_2023,2198,clean,,05_10_2023,2327,clean,
C. elegans,PD1074,Klebsiella sp. WOUb2,NA,1,1,20,Ce_16,05_03_2023,05_08_2023,1715,clean,,05_10_2023,1890,clean,
C. elegans,PD1074,Klebsiella sp. WOUb2,NA,1,1,20,Ce_17,05_03_2023,05_08_2023,1246,clean,,05_10_2023,1669,clean,
C. elegans,PD1074,Klebsiella sp. WOUb2,NA,1,1,20,Ce_18,05_03_2023,05_08_2023,2372,clean,,05_10_2023,2578,clean,
C. elegans,PD1074,Klebsiella sp. WOUb2,NA,1,1,20,Ce_19,05_03_2023,05_08_2023,1,clean,,05_10_2023,1,clean,
C. elegans,PD1074,Klebsiella sp. WOUb2,NA,1,1,20,Ce_20,05_03_2023,05_08_2023,1849,clean,,05_10_2023,2013,clean,
C. elegans,PD1074,Klebsiella sp. WOUb2,NA,1,1,20,Ce_21,05_03_2023,05_08_2023,641,clean,,05_10_2023,976,clean,
C. elegans,PD1074,Klebsiella sp. WOUb2,NA,1,1,20,Ce_22,05_03_2023,05_08_2023,304,clean,,05_10_2023,841,clean,
C. elegans,PD1074,Klebsiella sp. WOUb2,NA,1,1,20,Ce_23,05_03_2023,05_08_2023,0,clean,,05_10_2023,0,clean,
C. elegans,PD1074,Klebsiella sp. WOUb2,NA,1,1,20,Ce_24,05_03_2023,05_08_2023,2039,clean,,05_10_2023,2235,clean,
C. elegans,PD1074,Klebsiella sp. WOUb2,NA,1,1,20,Ce_25,05_03_2023,05_08_2023,1431,clean,,05_10_2023,1824,clean,
C. elegans,PD1074,Klebsiella sp. WOUb2,NA,1,1,20,Ce_26,05_03_2023,05_08_2023,2088,clean,,05_10_2023,2358,clean,
C. elegans,PD1074,Klebsiella sp. WOUb2,NA,1,1,20,Ce_27,05_03_2023,05_08_2023,1536,clean,,05_10_2023,1792,clean,
C. elegans,PD1074,Klebsiella sp. WOUb2,NA,1,1,20,Ce_28,05_03_2023,05_08_2023,2197,clean,,05_10_2023,2067,clean,
C. elegans,PD1074,Klebsiella sp. WOUb2,NA,1,1,20,Ce_29,05_03_2023,05_08_2023,2176,clean,,05_10_2023,2286,clean,
C. elegans,PD1074,Klebsiella sp. WOUb2,NA,1,1,20,Ce_30,05_03_2023,05_08_2023,1269,clean,,05_10_2023,1672,clean,
C. elegans,PD1074,E. coli OP50,WOUb2,1,1,20,Ce_31,05_03_2023,05_08_2023,2109,clean,,05_10_2023,2684,contaminated,
C. elegans,PD1074,E. coli OP50,WOUb2,1,1,20,Ce_32,05_03_2023,05_08_2023,1844,clean,,05_10_2023,2238,clean,
C. elegans,PD1074,E. coli OP50,WOUb2,1,1,20,Ce_33,05_03_2023,05_08_2023,72,clean,,05_10_2023,856,clean,
C. elegans,PD1074,E. coli OP50,WOUb2,1,1,20,Ce_34,05_03_2023,05_08_2023,1005,clean,,05_10_2023,1497,clean,
C. elegans,PD1074,E. coli OP50,WOUb2,1,1,20,Ce_35,05_03_2023,05_08_2023,756,clean,,05_10_2023,1362,clean,
C. elegans,PD1074,E. coli OP50,WOUb2,1,1,20,Ce_36,05_03_2023,05_08_2023,0,clean,,05_10_2023,0,clean,
C. elegans,PD1074,E. coli OP50,WOUb2,1,1,20,Ce_37,05_03_2023,05_08_2023,931,clean,,05_10_2023,1403,clean,
C. elegans,PD1074,E. coli OP50,WOUb2,1,1,20,Ce_38,05_03_2023,05_08_2023,1493,clean,,05_10_2023,1996,clean,
C. elegans,PD1074,E. coli OP50,WOUb2,1,1,20,Ce_39,05_03_2023,05_08_2023,1467,clean,,05_10_2023,1841,clean,
C. elegans,PD1074,E. coli OP50,WOUb2,1,1,20,Ce_40,05_03_2023,05_08_2023,3,clean,,05_10_2023,235,clean,
C. elegans,PD1074,E. coli OP50,WOUb2,1,1,20,Ce_41,05_03_2023,05_08_2023,1129,clean,,05_10_2023,1674,clean,
C. elegans,PD1074,E. coli OP50,WOUb2,1,1,20,Ce_42,05_03_2023,05_08_2023,1681,clean,,05_10_2023,1927,clean,
C. elegans,PD1074,E. coli OP50,WOUb2,1,1,20,Ce_43,05_03_2023,05_08_2023,2026,clean,,05_10_2023,2366,clean,
C. elegans,PD1074,E. coli OP50,WOUb2,1,1,20,Ce_44,05_03_2023,05_08_2023,902,clean,,05_10_2023,1449,clean,
C. elegans,PD1074,E. coli OP50,WOUb2,1,1,20,Ce_45,05_03_2023,05_08_2023,1372,clean,,05_10_2023,1792,clean,
C. elegans,PD1074,E. coli OP50,WOUb2,1,1,20,Ce_46,05_03_2023,05_08_2023,615,clean,,05_10_2023,1325,clean,
C. elegans,PD1074,E. coli OP50,WOUb2,1,1,20,Ce_47,05_03_2023,05_08_2023,189,clean,,05_10_2023,851,clean,
C. elegans,PD1074,E. coli OP50,WOUb2,1,1,20,Ce_48,05_03_2023,05_08_2023,0,clean,,05_10_2023,0,clean,
C. elegans,PD1074,E. coli OP50,WOUb2,1,1,20,Ce_49,05_03_2023,05_08_2023,74,clean,,05_10_2023,673,clean,
C. elegans,PD1074,E. coli OP50,WOUb2,1,1,20,Ce_50,05_03_2023,05_08_2023,1922,clean,,05_10_2023,2216,contaminated,
C. elegans,fog-2,Klebsiella sp. WOUb2,NA,1,1,20,Ce_51,05_03_2023,05_08_2023,1487,clean,,05_10_2023,1631,clean,
C. elegans,fog-2,Klebsiella sp. WOUb2,NA,1,1,20,Ce_52,05_03_2023,05_08_2023,2014,clean,,05_10_2023,2193,clean,
C. elegans,fog-2,Klebsiella sp. WOUb2,NA,1,1,20,Ce_53,05_03_2023,05_08_2023,2127,clean,,05_10_2023,2485,clean,
C. elegans,fog-2,Klebsiella sp. WOUb2,NA,1,1,20,Ce_54,05_03_2023,05_08_2023,1856,clean,,05_10_2023,2062,clean,
C. elegans,fog-2,Klebsiella sp. WOUb2,NA,1,1,20,Ce_55,05_03_2023,05_08_2023,845,clean,,05_10_2023,1154,clean,
C. elegans,fog-2,Klebsiella sp. WOUb2,NA,1,1,20,Ce_56,05_03_2023,05_08_2023,1760,clean,,05_10_2023,1930,clean,
C. elegans,fog-2,Klebsiella sp. WOUb2,NA,1,1,20,Ce_57,05_03_2023,05_08_2023,1254,clean,,05_10_2023,1506,clean,
C. elegans,fog-2,Klebsiella sp. WOUb2,NA,1,1,20,Ce_58,05_03_2023,05_08_2023,1137,clean,,05_10_2023,1217,clean,
C. elegans,fog-2,Klebsiella sp. WOUb2,NA,1,1,20,Ce_59,05_03_2023,05_08_2023,205,clean,,05_10_2023,568,clean,
C. elegans,fog-2,Klebsiella sp. WOUb2,NA,1,1,20,Ce_60,05_03_2023,05_08_2023,1789,clean,,05_10_2023,2241,clean,
C. elegans,fog-2,Klebsiella sp. WOUb2,NA,1,1,20,Ce_61,05_03_2023,05_08_2023,1419,clean,,05_10_2023,1855,clean,
C. elegans,fog-2,Klebsiella sp. WOUb2,NA,1,1,20,Ce_62,05_03_2023,05_08_2023,2197,clean,,05_10_2023,2506,clean,
C. elegans,fog-2,Klebsiella sp. WOUb2,NA,1,1,20,Ce_63,05_03_2023,05_08_2023,1394,clean,,05_10_2023,1739,clean,
C. elegans,fog-2,Klebsiella sp. WOUb2,NA,1,1,20,Ce_64,05_03_2023,05_08_2023,1792,clean,,05_10_2023,2018,clean,
C. elegans,fog-2,Klebsiella sp. WOUb2,NA,1,1,20,Ce_65,05_03_2023,05_08_2023,784,clean,,05_10_2023,1064,clean,
C. elegans,fog-2,Klebsiella sp. WOUb2,NA,1,1,20,Ce_66,05_03_2023,05_08_2023,1354,clean,,05_10_2023,1547,clean,
C. elegans,fog-2,Klebsiella sp. WOUb2,NA,1,1,20,Ce_67,05_03_2023,05_08_2023,906,clean,,05_10_2023,1328,clean,
C. elegans,fog-2,Klebsiella sp. WOUb2,NA,1,1,20,Ce_68,05_03_2023,05_08_2023,776,clean,,05_10_2023,1172,clean,
C. elegans,fog-2,Klebsiella sp. WOUb2,NA,1,1,20,Ce_69,05_03_2023,05_08_2023,1473,clean,,05_10_2023,1760,clean,
C. elegans,fog-2,Klebsiella sp. WOUb2,NA,1,1,20,Ce_70,05_03_2023,05_08_2023,1207,clean,,05_10_2023,1285,clean,
C. elegans,fog-2,Klebsiella sp. WOUb2,NA,1,1,20,Ce_71,05_03_2023,05_08_2023,1598,clean,,05_10_2023,1893,clean,
C. elegans,fog-2,Klebsiella sp. WOUb2,NA,1,1,20,Ce_72,05_03_2023,05_08_2023,1410,clean,,05_10_2023,1749,clean,
C. elegans,fog-2,Klebsiella sp. WOUb2,NA,1,1,20,Ce_73,05_03_2023,05_08_2023,891,clean,,05_10_2023,1236,clean,
C. elegans,fog-2,Klebsiella sp. WOUb2,NA,1,1,20,Ce_74,05_03_2023,05_08_2023,2044,clean,,05_10_2023,2254,clean,
C. elegans,fog-2,Klebsiella sp. WOUb2,NA,1,1,20,Ce_75,05_03_2023,05_08_2023,1878,clean,,05_10_2023,1958,clean,
C. elegans,fog-2,Klebsiella sp. WOUb2,NA,1,1,20,Ce_76,05_03_2023,05_08_2023,2080,clean,,05_10_2023,2321,clean,
C. elegans,fog-2,Klebsiella sp. WOUb2,NA,1,1,20,Ce_77,05_03_2023,05_08_2023,1766,clean,,05_10_2023,2047,clean,
C. elegans,fog-2,Klebsiella sp. WOUb2,NA,1,1,20,Ce_78,05_03_2023,05_08_2023,1619,clean,,05_10_2023,2172,clean,
C. elegans,fog-2,Klebsiella sp. WOUb2,NA,1,1,20,Ce_79,05_03_2023,05_08_2023,1627,clean,,05_10_2023,1803,clean,
C. elegans,fog-2,Klebsiella sp. WOUb2,NA,1,1,20,Ce_80,05_03_2023,05_08_2023,1701,clean,,05_10_2023,2066,clean,
C. elegans,fog-2,E. coli OP50,WOUb2,1,1,20,Ce_81,05_03_2023,05_08_2023,813,clean,,05_10_2023,1210,clean,
C. elegans,fog-2,E. coli OP50,WOUb2,1,1,20,Ce_82,05_03_2023,05_08_2023,944,clean,,05_10_2023,1307,clean,
C. elegans,fog-2,E. coli OP50,WOUb2,1,1,20,Ce_83,05_03_2023,05_08_2023,3,clean,,05_10_2023,3,clean,
C. elegans,fog-2,E. coli OP50,WOUb2,1,1,20,Ce_84,05_03_2023,05_08_2023,4,clean,,05_10_2023,4,clean,
C. elegans,fog-2,E. coli OP50,WOUb2,1,1,20,Ce_85,05_03_2023,05_08_2023,1251,clean,,05_10_2023,1491,clean,
C. elegans,fog-2,E. coli OP50,WOUb2,1,1,20,Ce_86,05_03_2023,05_08_2023,4,clean,,05_10_2023,4,clean,
C. elegans,fog-2,E. coli OP50,WOUb2,1,1,20,Ce_87,05_03_2023,05_08_2023,534,clean,,05_10_2023,829,clean,
C. elegans,fog-2,E. coli OP50,WOUb2,1,1,20,Ce_88,05_03_2023,05_08_2023,2,clean,,05_10_2023,2,clean,
C. elegans,fog-2,E. coli OP50,WOUb2,1,1,20,Ce_89,05_03_2023,05_08_2023,89,clean,,05_10_2023,396,clean,
C. elegans,fog-2,E. coli OP50,WOUb2,1,1,20,Ce_90,05_03_2023,05_08_2023,652,clean,,05_10_2023,1358,clean,
C. elegans,fog-2,E. coli OP50,WOUb2,1,1,20,Ce_91,05_03_2023,05_08_2023,907,clean,,05_10_2023,1124,clean,
C. elegans,fog-2,E. coli OP50,WOUb2,1,1,20,Ce_92,05_03_2023,05_08_2023,0,contaminated,,05_10_2023,0,contaminated,
C. elegans,fog-2,E. coli OP50,WOUb2,1,1,20,Ce_93,05_03_2023,05_08_2023,1264,clean,,05_10_2023,1747,clean,
C. elegans,fog-2,E. coli OP50,WOUb2,1,1,20,Ce_94,05_03_2023,05_08_2023,103,clean,,05_10_2023,301,clean,
C. elegans,fog-2,E. coli OP50,WOUb2,1,1,20,Ce_95,05_03_2023,05_08_2023,281,clean,,05_10_2023,573,clean,
C. elegans,fog-2,E. coli OP50,WOUb2,1,1,20,Ce_96,05_03_2023,05_08_2023,1228,clean,,05_10_2023,1680,clean,
C. elegans,fog-2,E. coli OP50,WOUb2,1,1,20,Ce_97,05_03_2023,05_08_2023,1946,clean,,05_10_2023,2136,clean,
C. elegans,fog-2,E. coli OP50,WOUb2,1,1,20,Ce_98,05_03_2023,05_08_2023,4,clean,,05_10_2023,4,clean,
C. elegans,fog-2,E. coli OP50,WOUb2,1,1,20,Ce_99,05_03_2023,05_08_2023,2073,contaminated,,05_10_2023,2492,contaminated,
C. elegans,fog-2,E. coli OP50,WOUb2,1,1,20,Ce_100,05_03_2023,05_08_2023,1862,clean,,05_10_2023,2065,clean,