﻿species,strain,worm_id,sp_bac_sex,date_pictured,sex,life_stage,bacteria,micrometer_length,magnification,length_arbitrary,width_arbitrary,scaling_factor,length_microns,width_microns,experiment
C. inopinata,fog-2,1,I_R_fem,04_08_2024,female,adult,Klebsiella sp. WOUb2,0.607,10X,10.68,0.541,164.7446458,1759.472817,89.12685338,2
C. inopinata,NKZ35,2,I_R_fem,04_08_2024,female,adult,Klebsiella sp. WOUb2,0.293,4X,4.654,0.237,341.2969283,1588.395904,80.88737201,2
C. inopinata,NKZ35,3,I_R_fem,04_08_2024,female,adult,Klebsiella sp. WOUb2,0.293,4X,5.979,0.261,341.2969283,2040.614334,89.07849829,2
C. inopinata,NKZ35,4,I_R_fem,04_08_2024,female,adult,Klebsiella sp. WOUb2,0.607,10X,8.99,0.46,164.7446458,1481.054366,75.78253707,2
C. inopinata,NKZ35,5,I_R_fem,04_08_2024,female,adult,Klebsiella sp. WOUb2,0.607,10X,11.34,0.457,164.7446458,1868.204283,75.28830313,2
C. inopinata,NKZ35,6,I_R_fem,04_08_2024,female,adult,Klebsiella sp. WOUb2,0.293,4X,6.449,0.274,341.2969283,2201.023891,93.51535836,2
C. inopinata,NKZ35,7,I_R_fem,04_08_2024,female,adult,Klebsiella sp. WOUb2,0.293,4X,5.025,0.25,341.2969283,1715.017065,85.32423208,2
C. inopinata,NKZ35,8,I_R_fem,04_08_2024,female,adult,Klebsiella sp. WOUb2,0.607,10X,11.75,0.587,164.7446458,1935.749588,96.70510708,2
C. inopinata,NKZ35,9,I_R_fem,04_08_2024,female,adult,Klebsiella sp. WOUb2,0.607,10X,10.95,0.514,164.7446458,1803.953871,84.67874794,2
C. inopinata,NKZ35,10,I_R_fem,04_08_2024,female,adult,Klebsiella sp. WOUb2,0.607,10X,10.38,0.47,164.7446458,1710.049423,77.42998353,2
C. inopinata,NKZ35,11,I_R_fem,04_08_2024,female,adult,Klebsiella sp. WOUb2,0.607,10X,10.51,0.485,164.7446458,1731.466227,79.90115321,2
C. inopinata,NKZ35,12,I_R_fem,04_08_2024,female,adult,Klebsiella sp. WOUb2,0.293,4X,5.67,0.244,341.2969283,1935.153584,83.27645051,2
C. inopinata,NKZ35,13,I_R_fem,04_08_2024,female,adult,Klebsiella sp. WOUb2,0.607,10X,10.37,0.505,164.7446458,1708.401977,83.19604613,2
C. inopinata,NKZ35,14,I_R_fem,04_08_2024,female,adult,Klebsiella sp. WOUb2,0.293,4X,6.45,0.27,341.2969283,2201.365188,92.15017065,2
C. inopinata,NKZ35,15,I_R_fem,04_08_2024,female,adult,Klebsiella sp. WOUb2,0.293,4X,5.074,0.241,341.2969283,1731.740614,82.25255973,2
C. inopinata,NKZ35,16,I_R_fem,04_08_2024,female,adult,Klebsiella sp. WOUb2,0.293,4X,5.246,0.23,341.2969283,1790.443686,78.49829352,2
C. inopinata,NKZ35,17,I_R_fem,04_08_2024,female,adult,Klebsiella sp. WOUb2,0.607,10X,11.93,0.439,164.7446458,1965.403624,72.32289951,2
C. inopinata,NKZ35,18,I_R_fem,04_08_2024,female,adult,Klebsiella sp. WOUb2,0.607,10X,10.69,0.508,164.7446458,1761.120264,83.69028007,2
C. inopinata,NKZ35,19,I_R_fem,04_08_2024,female,adult,Klebsiella sp. WOUb2,0.607,10X,10.51,0.509,164.7446458,1731.466227,83.85502471,2
C. inopinata,NKZ35,20,I_R_fem,04_08_2024,female,adult,Klebsiella sp. WOUb2,0.607,10X,10.28,0.535,164.7446458,1693.574959,88.1383855,2
C. inopinata,NKZ35,21,I_R_fem,04_08_2024,female,adult,Klebsiella sp. WOUb2,0.607,10X,11.16,0.456,164.7446458,1838.550247,75.12355848,2
C. inopinata,NKZ35,22,I_R_male,04_08_2024,male,adult,Klebsiella sp. WOUb2,0.607,10X,8.241,0.4,164.7446458,1357.660626,65.89785832,2
C. inopinata,NKZ35,23,I_R_male,04_08_2024,male,adult,Klebsiella sp. WOUb2,0.607,10X,6.794,0.468,164.7446458,1119.275124,77.10049423,2
C. inopinata,NKZ35,24,I_R_male,04_08_2024,male,adult,Klebsiella sp. WOUb2,0.607,10X,7.181,0.383,164.7446458,1183.031301,63.09719934,2
C. inopinata,NKZ35,25,I_R_male,04_08_2024,male,adult,Klebsiella sp. WOUb2,0.607,10X,7.766,0.369,164.7446458,1279.406919,60.7907743,2
C. inopinata,NKZ35,26,I_R_male,04_08_2024,male,adult,Klebsiella sp. WOUb2,0.607,10X,7.866,0.444,164.7446458,1295.881384,73.14662273,2
C. inopinata,NKZ35,27,I_R_male,04_08_2024,male,adult,Klebsiella sp. WOUb2,0.607,10X,7.264,0.426,164.7446458,1196.705107,70.18121911,2
C. inopinata,NKZ35,28,I_R_male,04_08_2024,male,adult,Klebsiella sp. WOUb2,0.607,10X,7.715,0.412,164.7446458,1271.004942,67.87479407,2
C. inopinata,NKZ35,29,I_R_male,04_08_2024,male,adult,Klebsiella sp. WOUb2,0.607,10X,8.12,0.436,164.7446458,1337.726524,71.82866557,2
C. inopinata,NKZ35,30,I_R_male,04_08_2024,male,adult,Klebsiella sp. WOUb2,0.607,10X,7.288,0.391,164.7446458,1200.658979,64.41515651,2
C. inopinata,NKZ35,31,I_R_male,04_08_2024,male,adult,Klebsiella sp. WOUb2,0.607,10X,8.282,0.394,164.7446458,1364.415157,64.90939044,2
C. inopinata,NKZ35,32,I_R_male,04_08_2024,male,adult,Klebsiella sp. WOUb2,0.607,10X,7.742,0.426,164.7446458,1275.453048,70.18121911,2
C. inopinata,NKZ35,33,I_R_male,04_08_2024,male,adult,Klebsiella sp. WOUb2,0.293,4X,4.125,0.208,341.2969283,1407.849829,70.98976109,2
C. inopinata,NKZ35,34,I_R_male,04_08_2024,male,adult,Klebsiella sp. WOUb2,0.607,10X,8.003,0.399,164.7446458,1318.4514,65.73311367,2
C. inopinata,NKZ35,35,I_R_male,04_08_2024,male,adult,Klebsiella sp. WOUb2,0.607,10X,8.266,0.437,164.7446458,1361.779242,71.99341021,2
C. inopinata,NKZ35,36,I_R_male,04_08_2024,male,adult,Klebsiella sp. WOUb2,0.607,10X,8.763,0.379,164.7446458,1443.657331,62.43822076,2
C. inopinata,NKZ35,37,I_R_male,04_08_2024,male,adult,Klebsiella sp. WOUb2,0.607,10X,7.689,0.422,164.7446458,1266.721582,69.52224053,2
C. inopinata,NKZ35,38,I_R_male,04_08_2024,male,adult,Klebsiella sp. WOUb2,0.607,10X,7.026,0.368,164.7446458,1157.495881,60.62602965,2
C. inopinata,NKZ35,39,I_R_male,04_08_2024,male,adult,Klebsiella sp. WOUb2,0.607,10X,8.537,0.414,164.7446458,1406.425041,68.20428336,2
C. inopinata,NKZ35,40,I_R_male,04_08_2024,male,adult,Klebsiella sp. WOUb2,0.607,10X,8.919,0.449,164.7446458,1469.357496,73.97034596,2
C. inopinata,NKZ35,41,I_OP50_female,04_08_2024,female,adult,E. coli (OP50),0.293,4X,5.847,0.225,341.2969283,1995.56314,76.79180887,2
C. inopinata,NKZ35,42,I_OP50_female,04_08_2024,female,adult,E. coli (OP50),0.607,10X,11.35,0.508,164.7446458,1869.85173,83.69028007,2
C. inopinata,NKZ35,43,I_OP50_female,04_08_2024,female,adult,E. coli (OP50),0.607,10X,11.62,0.453,164.7446458,1914.332784,74.62932455,2
C. inopinata,NKZ35,44,I_OP50_female,04_08_2024,female,adult,E. coli (OP50),0.607,10X,10.09,0.463,164.7446458,1662.273476,76.276771,2
C. inopinata,NKZ35,45,I_OP50_female,04_08_2024,female,adult,E. coli (OP50),0.293,4X,5.837,0.222,341.2969283,1992.150171,75.76791809,2
C. inopinata,NKZ35,46,I_OP50_female,04_08_2024,female,adult,E. coli (OP50),0.293,4X,5.027,0.275,341.2969283,1715.699659,93.85665529,2
C. inopinata,NKZ35,47,I_OP50_female,04_08_2024,female,adult,E. coli (OP50),0.293,4X,5.533,0.276,341.2969283,1888.395904,94.19795222,2
C. inopinata,NKZ35,48,I_OP50_female,04_08_2024,female,adult,E. coli (OP50),0.293,4X,5.393,0.25,341.2969283,1840.614334,85.32423208,2
C. inopinata,NKZ35,49,I_OP50_female,04_08_2024,female,adult,E. coli (OP50),0.293,4X,5.414,0.264,341.2969283,1847.78157,90.10238908,2
C. inopinata,NKZ35,50,I_OP50_female,04_08_2024,female,adult,E. coli (OP50),0.293,4X,5.188,0.255,341.2969283,1770.648464,87.03071672,2
C. inopinata,NKZ35,51,I_OP50_female,04_08_2024,female,adult,E. coli (OP50),0.607,10X,10.61,0.483,164.7446458,1747.940692,79.57166392,2
C. inopinata,NKZ35,52,I_OP50_female,04_08_2024,female,adult,E. coli (OP50),0.607,10X,8.404,0.531,164.7446458,1384.514003,87.47940692,2
C. inopinata,NKZ35,53,I_OP50_female,04_08_2024,female,adult,E. coli (OP50),0.607,10X,10.03,0.473,164.7446458,1652.388797,77.92421746,2
C. inopinata,NKZ35,54,I_OP50_female,04_08_2024,female,adult,E. coli (OP50),0.607,10X,10.35,0.453,164.7446458,1705.107084,74.62932455,2
C. inopinata,NKZ35,55,I_OP50_female,04_08_2024,female,adult,E. coli (OP50),0.607,10X,10.39,0.488,164.7446458,1711.69687,80.39538715,2
C. inopinata,NKZ35,56,I_OP50_female,04_08_2024,female,adult,E. coli (OP50),0.293,4X,5.242,0.252,341.2969283,1789.078498,86.00682594,2
C. inopinata,NKZ35,57,I_OP50_female,04_08_2024,female,adult,E. coli (OP50),0.607,10X,9.171,0.508,164.7446458,1510.873147,83.69028007,2
C. inopinata,NKZ35,58,I_OP50_female,04_08_2024,female,adult,E. coli (OP50),0.607,10X,10.62,0.442,164.7446458,1749.588138,72.81713344,2
C. inopinata,NKZ35,59,I_OP50_female,04_08_2024,female,adult,E. coli (OP50),0.607,10X,11.08,0.51,164.7446458,1825.370675,84.01976936,2
C. inopinata,NKZ35,60,I_OP50_male,04_08_2024,male,adult,E. coli (OP50),0.607,10X,7.413,0.329,164.7446458,1221.252059,54.20098847,2
C. inopinata,NKZ35,61,I_OP50_male,04_08_2024,male,adult,E. coli (OP50),1.207,20X,14.11,0.767,82.85004143,1169.014085,63.54598177,2
C. inopinata,NKZ35,62,I_OP50_male,04_08_2024,male,adult,E. coli (OP50),0.607,10X,6.297,0.441,164.7446458,1037.397035,72.6523888,2
C. inopinata,NKZ35,63,I_OP50_male,04_08_2024,male,adult,E. coli (OP50),0.607,10X,8.288,0.325,164.7446458,1365.403624,53.54200988,2
C. inopinata,NKZ35,64,I_OP50_male,04_08_2024,male,adult,E. coli (OP50),0.607,10X,7.989,0.353,164.7446458,1316.144975,58.15485997,2
C. inopinata,NKZ35,65,I_OP50_male,04_08_2024,male,adult,E. coli (OP50),1.207,20X,13.78,0.737,82.85004143,1141.673571,61.06048053,2
C. inopinata,NKZ35,66,I_OP50_male,04_08_2024,male,adult,E. coli (OP50),1.207,20X,12.92,0.697,82.85004143,1070.422535,57.74647887,2
C. inopinata,NKZ35,67,I_OP50_male,04_08_2024,male,adult,E. coli (OP50),0.607,10X,7.865,0.377,164.7446458,1295.716639,62.10873147,2
C. inopinata,NKZ35,68,I_OP50_male,04_08_2024,male,adult,E. coli (OP50),0.607,10X,7.033,0.391,164.7446458,1158.649094,64.41515651,2
C. inopinata,NKZ35,69,I_OP50_male,04_08_2024,male,adult,E. coli (OP50),0.607,10X,8.598,0.43,164.7446458,1416.474465,70.84019769,2
C. inopinata,NKZ35,70,I_OP50_male,04_08_2024,male,adult,E. coli (OP50),0.607,10X,8.35,0.378,164.7446458,1375.617792,62.27347611,2
C. inopinata,NKZ35,71,I_OP50_male,04_08_2024,male,adult,E. coli (OP50),0.607,10X,8.528,0.368,164.7446458,1404.942339,60.62602965,2
C. inopinata,NKZ35,72,I_OP50_male,04_08_2024,male,adult,E. coli (OP50),0.607,10X,6.317,0.381,164.7446458,1040.691928,62.76771005,2
C. inopinata,NKZ35,73,I_OP50_male,04_08_2024,male,adult,E. coli (OP50),0.607,10X,7.118,0.402,164.7446458,1172.652389,66.22734761,2
C. inopinata,NKZ35,74,I_OP50_male,04_08_2024,male,adult,E. coli (OP50),0.293,4X,3.983,0.198,341.2969283,1359.385666,67.57679181,2
C. inopinata,NKZ35,75,I_OP50_male,04_08_2024,male,adult,E. coli (OP50),0.607,10X,7.318,0.389,164.7446458,1205.601318,64.08566722,2
C. inopinata,NKZ35,76,I_OP50_male,04_08_2024,male,adult,E. coli (OP50),0.607,10X,6.693,0.347,164.7446458,1102.635914,57.16639209,2
C. inopinata,NKZ35,77,I_OP50_male,04_08_2024,male,adult,E. coli (OP50),0.607,10X,7.305,0.382,164.7446458,1203.459638,62.9324547,2
C. inopinata,NKZ35,78,I_OP50_male,04_08_2024,male,adult,E. coli (OP50),0.607,10X,7.337,0.224,164.7446458,1208.731466,36.90280066,2
C. elegans,fog-2,79,E_R_fem,04_08_2024,female,adult,Klebsiella sp. WOUb2,0.61,10X,8.003,0.474,163.934426,1311.967211,77.70491792,1
C. elegans,fog-2,80,E_R_fem,04_08_2024,female,adult,Klebsiella sp. WOUb2,0.61,10X,7.836,0.495,163.934426,1284.590162,81.14754087,1
C. elegans,fog-2,81,E_R_fem,04_08_2024,female,adult,Klebsiella sp. WOUb2,0.61,10X,8.071,0.486,163.934426,1323.114752,79.67213104,1
C. elegans,fog-2,82,E_R_fem,04_08_2024,female,adult,Klebsiella sp. WOUb2,0.3,4X,3.766,0.243,333.333333,1255.333332,80.99999992,1
C. elegans,fog-2,83,E_R_fem,04_08_2024,female,adult,Klebsiella sp. WOUb2,0.61,10X,7.361,0.519,163.934426,1206.72131,85.08196709,1
C. elegans,fog-2,84,E_R_fem,04_08_2024,female,adult,Klebsiella sp. WOUb2,0.61,10X,8.123,0.504,163.934426,1331.639342,82.6229507,1
C. elegans,fog-2,85,E_R_fem,04_08_2024,female,adult,Klebsiella sp. WOUb2,0.3,4X,4.044,0.217,333.333333,1347.999999,72.33333326,1
C. elegans,fog-2,86,E_R_fem,04_08_2024,female,adult,Klebsiella sp. WOUb2,0.61,10X,8.223,0.531,163.934426,1348.032785,87.04918021,1
C. elegans,fog-2,87,E_R_fem,04_08_2024,female,adult,Klebsiella sp. WOUb2,0.61,10X,7.457,0.471,163.934426,1222.459015,77.21311465,1
C. elegans,fog-2,88,E_R_fem,04_08_2024,female,adult,Klebsiella sp. WOUb2,0.61,10X,8.133,0.482,163.934426,1333.278687,79.01639333,1
C. elegans,fog-2,89,E_R_fem,04_08_2024,female,adult,Klebsiella sp. WOUb2,0.61,10X,7.734,0.491,163.934426,1267.868851,80.49180317,1
C. elegans,fog-2,90,E_R_fem,04_08_2024,female,adult,Klebsiella sp. WOUb2,0.61,10X,7.01,0.411,163.934426,1149.180326,67.37704909,1
C. elegans,fog-2,91,E_R_fem,04_08_2024,female,adult,Klebsiella sp. WOUb2,0.61,10X,7.391,0.483,163.934426,1211.639343,79.18032776,1
C. elegans,fog-2,92,E_R_fem,04_08_2024,female,adult,Klebsiella sp. WOUb2,0.61,10X,7.242,0.513,163.934426,1187.213113,84.09836054,1
C. elegans,fog-2,93,E_R_fem,04_08_2024,female,adult,Klebsiella sp. WOUb2,0.61,10X,7.41,0.51,163.934426,1214.754097,83.60655726,1
C. elegans,fog-2,94,E_R_fem,04_08_2024,female,adult,Klebsiella sp. WOUb2,0.61,10X,7.704,0.455,163.934426,1262.950818,74.59016383,1
C. elegans,fog-2,95,E_R_fem,04_08_2024,female,adult,Klebsiella sp. WOUb2,0.3,4X,4.002,0.207,333.333333,1333.999999,68.99999993,1
C. elegans,fog-2,96,E_R_fem,04_08_2024,female,adult,Klebsiella sp. WOUb2,0.3,4X,3.677,0.253,333.333333,1225.666665,84.33333325,1
C. elegans,fog-2,97,E_R_fem,04_08_2024,female,adult,Klebsiella sp. WOUb2,0.61,10X,8.053,0.488,163.934426,1320.163933,79.99999989,1
C. elegans,fog-2,98,E_R_fem,04_08_2024,female,adult,Klebsiella sp. WOUb2,0.61,10X,7.332,0.464,163.934426,1201.967211,76.06557366,1
C. elegans,fog-2,99,E_R_fem,04_08_2024,female,adult,Klebsiella sp. WOUb2,0.61,10X,8.001,0.408,163.934426,1311.639342,66.88524581,1
C. elegans,fog-2,100,E_R_fem,04_08_2024,female,adult,Klebsiella sp. WOUb2,0.61,10X,7.722,0.456,163.934426,1265.901638,74.75409826,1
C. elegans,fog-2,101,E_R_fem,04_08_2024,female,adult,Klebsiella sp. WOUb2,0.61,10X,7.697,0.505,163.934426,1261.803277,82.78688513,1
C. elegans,fog-2,102,E_R_fem,04_08_2024,female,adult,Klebsiella sp. WOUb2,0.61,10X,8.182,0.405,163.934426,1341.311474,66.39344253,1
C. elegans,fog-2,103,E_R_fem,04_08_2024,female,adult,Klebsiella sp. WOUb2,0.61,10X,8.063,0.48,163.934426,1321.803277,78.68852448,1
C. elegans,fog-2,104,E_R_fem,04_08_2024,female,adult,Klebsiella sp. WOUb2,0.61,10X,7.746,0.526,163.934426,1269.836064,86.22950808,1
C. elegans,fog-2,105,E_R_fem,04_08_2024,female,adult,Klebsiella sp. WOUb2,0.61,10X,7.787,0.464,163.934426,1276.557375,76.06557366,1
C. elegans,fog-2,106,E_R_fem,04_08_2024,female,adult,Klebsiella sp. WOUb2,0.61,10X,8.432,0.444,163.934426,1382.29508,72.78688514,1
C. elegans,fog-2,107,E_R_fem,04_08_2024,female,adult,Klebsiella sp. WOUb2,0.61,10X,7.88,0.474,163.934426,1291.803277,77.70491792,1
C. elegans,fog-2,108,E_R_male,04_08_2024,male,adult,Klebsiella sp. WOUb2,0.61,10X,5.005,0.288,163.934426,820.4918021,47.21311469,1
C. elegans,fog-2,109,E_R_male,04_08_2024,male,adult,Klebsiella sp. WOUb2,0.61,10X,5.95,0.317,163.934426,975.4098347,51.96721304,1
C. elegans,fog-2,110,E_R_male,04_08_2024,male,adult,Klebsiella sp. WOUb2,1.207,20X,9.982,0.632,82.8500414,827.0091133,52.36122616,1
C. elegans,fog-2,111,E_R_male,04_08_2024,male,adult,Klebsiella sp. WOUb2,1.207,20X,9.66,0.658,82.8500414,800.3313999,54.51532724,1
C. elegans,fog-2,112,E_R_male,04_08_2024,male,adult,Klebsiella sp. WOUb2,0.61,10X,5.248,0.322,163.934426,860.3278676,52.78688517,1
C. elegans,fog-2,113,E_R_male,04_08_2024,male,adult,Klebsiella sp. WOUb2,1.207,20X,9.276,0.6,82.8500414,768.516984,49.71002484,1
C. elegans,fog-2,114,E_R_male,04_08_2024,male,adult,Klebsiella sp. WOUb2,0.61,10X,5.108,0.33,163.934426,837.377048,54.09836058,1
C. elegans,fog-2,115,E_R_male,04_08_2024,male,adult,Klebsiella sp. WOUb2,0.61,10X,5.356,0.327,163.934426,878.0327857,53.6065573,1
C. elegans,fog-2,116,E_R_male,04_08_2024,male,adult,Klebsiella sp. WOUb2,0.61,10X,5.233,0.273,163.934426,857.8688513,44.7540983,1
C. elegans,fog-2,117,E_R_male,04_08_2024,male,adult,Klebsiella sp. WOUb2,0.61,10X,5.002,0.299,163.934426,819.9999989,49.01639337,1
C. elegans,fog-2,118,E_R_male,04_08_2024,male,adult,Klebsiella sp. WOUb2,0.61,10X,5.325,0.341,163.934426,872.9508185,55.90163927,1
C. elegans,fog-2,119,E_R_male,04_08_2024,male,adult,Klebsiella sp. WOUb2,0.61,10X,5.114,0.324,163.934426,838.3606546,53.11475402,1
C. elegans,fog-2,120,E_R_male,04_08_2024,male,adult,Klebsiella sp. WOUb2,0.61,10X,4.526,0.298,163.934426,741.9672121,48.85245895,1
C. elegans,fog-2,121,E_R_male,04_08_2024,male,adult,Klebsiella sp. WOUb2,0.61,10X,4.729,0.311,163.934426,775.2459006,50.98360649,1
C. elegans,fog-2,122,E_R_male,04_08_2024,male,adult,Klebsiella sp. WOUb2,0.61,10X,4.954,0.337,163.934426,812.1311464,55.24590156,1
C. elegans,fog-2,123,E_R_male,04_08_2024,male,adult,Klebsiella sp. WOUb2,1.207,20X,10.521,0.633,82.8500414,871.6652856,52.44407621,1
C. elegans,fog-2,124,E_R_male,04_08_2024,male,adult,Klebsiella sp. WOUb2,1.207,20X,10.724,0.596,82.8500414,888.483844,49.37862467,1
C. elegans,fog-2,125,E_R_male,04_08_2024,male,adult,Klebsiella sp. WOUb2,0.61,10X,5.516,0.282,163.934426,904.2622938,46.22950813,1
C. elegans,fog-2,126,E_R_male,04_08_2024,male,adult,Klebsiella sp. WOUb2,0.61,10X,5.46,0.294,163.934426,895.081966,48.19672124,1
C. elegans,fog-2,127,E_R_male,04_08_2024,male,adult,Klebsiella sp. WOUb2,0.61,10X,5.277,0.289,163.934426,865.081966,47.37704911,1
C. elegans,fog-2,128,E_R_male,04_08_2024,male,adult,Klebsiella sp. WOUb2,0.61,10X,5.325,0.275,163.934426,872.9508185,45.08196715,1
C. elegans,fog-2,129,E_R_male,04_08_2024,male,adult,Klebsiella sp. WOUb2,0.61,10X,5.342,0.286,163.934426,875.7377037,46.88524584,1
C. elegans,fog-2,130,E_R_male,04_08_2024,male,adult,Klebsiella sp. WOUb2,1.207,20X,10.989,0.495,82.8500414,910.4391049,41.01077049,1
C. elegans,fog-2,131,E_R_male,04_08_2024,male,adult,Klebsiella sp. WOUb2,1.207,20X,11.06,0.551,82.8500414,916.3214579,45.65037281,1
C. elegans,fog-2,132,E_R_male,04_08_2024,male,adult,Klebsiella sp. WOUb2,0.61,10X,5.497,0.287,163.934426,901.1475397,47.04918026,1
C. elegans,fog-2,133,E_R_male,04_08_2024,male,adult,Klebsiella sp. WOUb2,0.61,10X,5.391,0.253,163.934426,883.7704906,41.47540978,1
C. elegans,fog-2,134,E_OP50_female,04_08_2024,female,adult,E. coli (OP50),0.61,10X,5.804,0.41,163.934426,951.4754085,67.21311466,1
C. elegans,fog-2,135,E_OP50_female,04_08_2024,female,adult,E. coli (OP50),0.61,10X,7.272,0.402,163.934426,1192.131146,65.90163925,1
C. elegans,fog-2,136,E_OP50_female,04_08_2024,female,adult,E. coli (OP50),0.61,10X,5.79,0.398,163.934426,949.1803265,65.24590155,1
C. elegans,fog-2,137,E_OP50_female,04_08_2024,female,adult,E. coli (OP50),0.61,10X,5.899,0.431,163.934426,967.049179,70.65573761,1
C. elegans,fog-2,138,E_OP50_female,04_08_2024,female,adult,E. coli (OP50),0.61,10X,6.576,0.433,163.934426,1078.032785,70.98360646,1
C. elegans,fog-2,139,E_OP50_female,04_08_2024,female,adult,E. coli (OP50),0.61,10X,6.279,0.384,163.934426,1029.344261,62.95081958,1
C. elegans,fog-2,140,E_OP50_female,04_08_2024,female,adult,E. coli (OP50),0.61,10X,6.093,0.385,163.934426,998.8524576,63.11475401,1
C. elegans,fog-2,141,E_OP50_female,04_08_2024,female,adult,E. coli (OP50),0.61,10X,7.065,0.445,163.934426,1158.19672,72.95081957,1
C. elegans,fog-2,142,E_OP50_female,04_08_2024,female,adult,E. coli (OP50),0.61,10X,6.713,0.462,163.934426,1100.491802,75.73770481,1
C. elegans,fog-2,143,E_OP50_female,04_08_2024,female,adult,E. coli (OP50),0.61,10X,6.759,0.354,163.934426,1108.032785,58.0327868,1
C. elegans,fog-2,144,E_OP50_female,04_08_2024,female,adult,E. coli (OP50),0.61,10X,7.09,0.426,163.934426,1162.29508,69.83606548,1
C. elegans,fog-2,145,E_OP50_female,04_08_2024,female,adult,E. coli (OP50),0.61,10X,7.313,0.439,163.934426,1198.852457,71.96721301,1
C. elegans,fog-2,146,E_OP50_female,04_08_2024,female,adult,E. coli (OP50),0.61,10X,5.996,0.397,163.934426,982.9508183,65.08196712,1
C. elegans,fog-2,147,E_OP50_female,04_08_2024,female,adult,E. coli (OP50),0.61,10X,6.448,0.393,163.934426,1057.049179,64.42622942,1
C. elegans,fog-2,148,E_OP50_female,04_08_2024,female,adult,E. coli (OP50),0.61,10X,6.455,0.438,163.934426,1058.19672,71.80327859,1
C. elegans,fog-2,149,E_OP50_female,04_08_2024,female,adult,E. coli (OP50),0.61,10X,7.239,0.458,163.934426,1186.72131,75.08196711,1
C. elegans,fog-2,150,E_OP50_female,04_08_2024,female,adult,E. coli (OP50),0.61,10X,6.617,0.427,163.934426,1084.754097,69.9999999,1
C. elegans,fog-2,151,E_OP50_female,04_08_2024,female,adult,E. coli (OP50),0.61,10X,6.208,0.368,163.934426,1017.704917,60.32786877,1
C. elegans,fog-2,152,E_OP50_female,04_08_2024,female,adult,E. coli (OP50),0.61,10X,7.295,0.426,163.934426,1195.901638,69.83606548,1
C. elegans,fog-2,153,E_OP50_female,04_08_2024,female,adult,E. coli (OP50),0.61,10X,6.635,0.354,163.934426,1087.704917,58.0327868,1
C. elegans,fog-2,154,E_OP50_female,04_08_2024,female,adult,E. coli (OP50),0.61,10X,5.697,0.435,163.934426,933.9344249,71.31147531,1
C. elegans,fog-2,155,E_OP50_male,04_08_2024,male,adult,E. coli (OP50),0.61,10X,4.782,0.269,163.934426,783.9344251,44.09836059,1
C. elegans,fog-2,156,E_OP50_male,04_08_2024,male,adult,E. coli (OP50),0.61,10X,4.35,0.224,163.934426,713.1147531,36.72131142,1
C. elegans,fog-2,157,E_OP50_male,04_08_2024,male,adult,E. coli (OP50),0.61,10X,5.149,0.261,163.934426,844.0983595,42.78688519,1
C. elegans,fog-2,158,E_OP50_male,04_08_2024,male,adult,E. coli (OP50),0.61,10X,4.391,0.285,163.934426,719.8360646,46.72131141,1
C. elegans,fog-2,159,E_OP50_male,04_08_2024,male,adult,E. coli (OP50),0.61,10X,4.609,0.259,163.934426,755.5737694,42.45901633,1
C. elegans,fog-2,160,E_OP50_male,04_08_2024,male,adult,E. coli (OP50),0.61,10X,5.353,0.253,163.934426,877.5409824,41.47540978,1
C. elegans,fog-2,161,E_OP50_male,04_08_2024,male,adult,E. coli (OP50),0.61,10X,4.711,0.27,163.934426,772.2950809,44.26229502,1
C. elegans,fog-2,162,E_OP50_male,04_08_2024,male,adult,E. coli (OP50),0.61,10X,4.358,0.199,163.934426,714.4262285,32.62295077,1
C. elegans,fog-2,163,E_OP50_male,04_08_2024,male,adult,E. coli (OP50),0.61,10X,4.262,0.267,163.934426,698.6885236,43.77049174,1
C. elegans,fog-2,164,E_OP50_male,04_08_2024,male,adult,E. coli (OP50),0.61,10X,4.563,0.237,163.934426,748.0327858,38.85245896,1
C. elegans,fog-2,165,E_OP50_male,04_08_2024,male,adult,E. coli (OP50),0.61,10X,4.595,0.271,163.934426,753.2786875,44.42622945,1
C. elegans,fog-2,166,E_OP50_male,04_08_2024,male,adult,E. coli (OP50),0.61,10X,4.381,0.268,163.934426,718.1967203,43.93442617,1
C. elegans,fog-2,167,E_OP50_male,04_08_2024,male,adult,E. coli (OP50),0.61,10X,4.671,0.267,163.934426,765.7377038,43.77049174,1
C. elegans,fog-2,168,E_OP50_male,04_08_2024,male,adult,E. coli (OP50),1.207,20X,8.242,0.346,82.8500414,682.8500412,28.66611432,1