plate_id,bacterial_strain,date_first_lay,progeny_day_0,progeny_day_1,progeny_day_2,progeny_day_3,progeny_day_4,progeny_day_5,progeny_day_6,progeny_day_7,progeny_day_8,progeny_day_9,bagged_not,end_rep,species,sp_bac,day_bagged
1,Klebsiella sp. WOUb2,10_07_23,33,274,160,102,25,0,0,0,0,0,bagged,6,C. elegans,CeW2,6
2,Klebsiella sp. WOUb2,10_07_23,42,219,83,16,0,0,0,0,0,0,not,5,C. elegans,CeW2,
3,Klebsiella sp. WOUb2,10_07_23,44,242,126,37,62,2,0,0,0,0,not,7,C. elegans,CeW2,
4,Klebsiella sp. WOUb2,10_07_23,73,290,201,88,66,20,0,0,0,0,bagged,7,C. elegans,CeW2,7
5,Klebsiella sp. WOUb2,10_07_23,61,166,144,86,33,3,0,0,0,0,not,7,C. elegans,CeW2,
6,Klebsiella sp. WOUb2,10_07_23,101,237,109,49,5,0,0,0,0,0,not,6,C. elegans,CeW2,
7,Klebsiella sp. WOUb2,10_07_23,80,192,167,103,7,1,0,0,0,0,not,7,C. elegans,CeW2,
8,Klebsiella sp. WOUb2,10_07_23,42,214,141,87,21,0,0,0,0,0,bagged,6,C. elegans,CeW2,6
9,Klebsiella sp. WOUb2,10_07_23,78,227,186,121,197,2,0,0,0,0,not,7,C. elegans,CeW2,
10,Klebsiella sp. WOUb2,10_07_23,71,211,153,46,18,3,0,0,0,0,bagged,7,C. elegans,CeW2,7
11,Klebsiella sp. WOUb2,10_07_23,75,249,80,118,55,8,0,0,0,0,not,7,C. elegans,CeW2,
12,Klebsiella sp. WOUb2,10_07_23,86,192,73,20,1,0,0,0,0,0,bagged,6,C. elegans,CeW2,6
13,Klebsiella sp. WOUb2,10_07_23,115,180,117,102,54,0,0,0,0,0,bagged,6,C. elegans,CeW2,6
14,Klebsiella sp. WOUb2,10_07_23,106,203,114,35,0,0,0,0,0,0,bagged,5,C. elegans,CeW2,5
15,Klebsiella sp. WOUb2,10_07_23,21,172,148,58,0,0,0,0,0,0,bagged,5,C. elegans,CeW2,5
16,Klebsiella sp. WOUb2,10_07_23,102,220,122,71,36,5,0,0,0,0,bagged,7,C. elegans,CeW2,7
17,Klebsiella sp. WOUb2,10_07_23,54,207,103,35,16,3,0,0,0,0,not,7,C. elegans,CeW2,
18,Klebsiella sp. WOUb2,10_07_23,99,199,137,53,32,11,4,0,0,0,not,8,C. elegans,CeW2,
19,Klebsiella sp. WOUb2,10_07_23,26,130,124,88,46,25,6,0,0,0,not,8,C. elegans,CeW2,
20,Klebsiella sp. WOUb2,10_07_23,96,161,51,12,0,0,0,0,0,0,bagged,5,C. elegans,CeW2,5
21,Klebsiella sp. WOUb2,10_07_23,89,242,132,40,11,1,0,0,0,0,not,7,C. elegans,CeW2,
22,Klebsiella sp. WOUb2,10_07_23,27,9,57,49,38,0,0,0,0,0,not,6,C. elegans,CeW2,
23,Klebsiella sp. WOUb2,10_07_23,121,195,105,14,7,0,0,0,0,0,bagged,6,C. elegans,CeW2,6
24,Klebsiella sp. WOUb2,10_08_23,118,14,0,0,0,0,0,0,0,0,not,3,C. elegans,CeW2,
25,Klebsiella sp. WOUb2,10_08_23,127,75,0,0,0,0,0,0,0,0,not,3,C. elegans,CeW2,
26,Klebsiella sp. WOUb2,10_08_23,102,97,0,0,0,0,0,0,0,0,not,3,C. elegans,CeW2,
27,Klebsiella sp. WOUb2,10_08_23,63,146,94,8,0,0,0,0,0,0,not,5,C. elegans,CeW2,
28,E. coli OP50,10_07_23,42,141,0,0,0,0,0,0,0,0,bagged,3,C. elegans,CeOP50,3
29,E. coli OP50,10_07_23,22,52,0,0,0,0,0,0,0,0,bagged,3,C. elegans,CeOP50,3
30,E. coli OP50,10_07_23,10,69,118,64,57,21,2,0,0,0,not,8,C. elegans,CeOP50,
31,E. coli OP50,10_07_23,30,55,0,0,0,0,0,0,0,0,not,3,C. elegans,CeOP50,
32,E. coli OP50,10_07_23,56,156,173,35,25,0,0,0,0,0,bagged,6,C. elegans,CeOP50,6
33,E. coli OP50,10_07_23,84,181,115,51,30,0,0,0,0,0,bagged,6,C. elegans,CeOP50,6
34,E. coli OP50,10_07_23,33,136,76,49,17,0,0,0,0,0,not,6,C. elegans,CeOP50,
35,E. coli OP50,10_07_23,3,122,83,41,31,0,0,0,0,0,not,6,C. elegans,CeOP50,
36,E. coli OP50,10_07_23,34,84,27,42,36,0,0,0,0,0,bagged,6,C. elegans,CeOP50,6
37,E. coli OP50,10_07_23,14,54,0,0,0,0,0,0,0,0,not,3,C. elegans,CeOP50,
38,E. coli OP50,10_07_23,35,143,41,44,0,0,0,0,0,0,not,5,C. elegans,CeOP50,
39,E. coli OP50,10_07_23,29,149,151,59,69,0,0,0,0,0,bagged,6,C. elegans,CeOP50,6
40,E. coli OP50,10_07_23,52,163,106,18,14,0,0,0,0,0,bagged,6,C. elegans,CeOP50,6
41,E. coli OP50,10_07_23,28,114,75,53,38,12,0,0,0,0,bagged,7,C. elegans,CeOP50,7
42,E. coli OP50,10_08_23,66,109,19,21,0,0,0,0,0,0,not,5,C. elegans,CeOP50,
43,E. coli OP50,10_08_23,49,0,0,0,0,0,0,0,0,0,bagged,2,C. elegans,CeOP50,2
44,E. coli OP50,10_08_23,155,115,41,22,0,0,0,0,0,0,bagged,5,C. elegans,CeOP50,5
45,E. coli OP50,10_08_23,174,123,36,40,0,0,0,0,0,0,not,5,C. elegans,CeOP50,
46,E. coli OP50,10_08_23,173,134,57,33,0,0,0,0,0,0,not,5,C. elegans,CeOP50,
47,E. coli OP50,10_08_23,181,129,25,35,0,0,0,0,0,0,not,5,C. elegans,CeOP50,
48,E. coli OP50,10_08_23,143,54,7,0,0,0,0,0,0,0,bagged,4,C. elegans,CeOP50,4
49,E. coli OP50,10_08_23,135,77,35,24,0,0,0,0,0,0,bagged,5,C. elegans,CeOP50,5
50,E. coli OP50,10_08_23,69,89,13,0,0,0,0,0,0,0,not,4,C. elegans,CeOP50,
51,E. coli OP50,10_08_23,21,114,37,49,0,0,0,0,0,0,not,5,C. elegans,CeOP50,
52,E. coli OP50,10_08_23,85,140,62,67,14,0,0,0,0,0,bagged,6,C. elegans,CeOP50,6