plate_id,bacterial_strain,date_first_lay,progeny_day_0,progeny_day_1,progeny_day_2,progeny_day_3,progeny_day_4,progeny_day_5,progeny_day_6,progeny_day_7,progeny_day_8,progeny_day_9,bagged_not,end_rep,species,sp_bac,day_bagged
53,Klebsiella sp. WOUb2,10_08_23,97,18,14,0,0,0,0,0,0,0,bagged,4,C. inopinata,CiW2,4
54,Klebsiella sp. WOUb2,10_08_23,25,28,16,2,5,4,3,0,0,0,bagged,8,C. inopinata,CiW2,8
55,Klebsiella sp. WOUb2,10_08_23,78,63,54,29,30,17,2,0,0,0,not,8,C. inopinata,CiW2,
56,Klebsiella sp. WOUb2,10_08_23,22,43,21,8,0,0,0,0,0,0,not,5,C. inopinata,CiW2,
57,Klebsiella sp. WOUb2,10_08_23,24,25,6,1,0,0,0,0,0,0,not,5,C. inopinata,CiW2,
58,Klebsiella sp. WOUb2,10_08_23,31,40,12,4,0,0,0,0,0,0,not,5,C. inopinata,CiW2,
59,Klebsiella sp. WOUb2,10_08_23,82,21,13,0,0,0,0,0,0,0,not,4,C. inopinata,CiW2,
60,Klebsiella sp. WOUb2,10_08_23,78,68,62,34,20,14,3,0,0,0,not,8,C. inopinata,CiW2,
61,Klebsiella sp. WOUb2,10_08_23,19,12,15,7,0,0,0,0,0,0,bagged,5,C. inopinata,CiW2,5
62,Klebsiella sp. WOUb2,10_08_23,24,14,3,2,0,0,0,0,0,0,bagged,5,C. inopinata,CiW2,5
63,Klebsiella sp. WOUb2,10_08_23,35,38,15,0,0,0,0,0,0,0,bagged,4,C. inopinata,CiW2,4
64,Klebsiella sp. WOUb2,10_08_23,73,58,56,29,0,1,1,0,0,0,not,8,C. inopinata,CiW2,
65,Klebsiella sp. WOUb2,10_08_23,39,41,0,0,0,0,0,0,0,0,bagged,3,C. inopinata,CiW2,3
66,Klebsiella sp. WOUb2,10_08_23,64,61,24,28,5,0,0,0,0,0,not,6,C. inopinata,CiW2,
67,Klebsiella sp. WOUb2,10_08_23,18,67,85,50,31,16,7,0,0,0,not,8,C. inopinata,CiW2,
68,Klebsiella sp. WOUb2,10_08_23,79,55,46,26,8,0,0,0,0,0,not,6,C. inopinata,CiW2,
69,Klebsiella sp. WOUb2,10_08_23,44,24,20,10,0,0,0,0,0,0,not,5,C. inopinata,CiW2,
70,Klebsiella sp. WOUb2,10_08_23,54,67,61,26,18,4,0,0,0,0,not,7,C. inopinata,CiW2,
71,Klebsiella sp. WOUb2,10_08_23,58,71,58,28,14,9,7,0,0,0,not,8,C. inopinata,CiW2,
72,Klebsiella sp. WOUb2,10_08_23,111,56,49,31,3,0,0,0,0,0,bagged,6,C. inopinata,CiW2,6
73,Klebsiella sp. WOUb2,10_08_23,75,3,0,0,0,0,0,0,0,0,bagged,3,C. inopinata,CiW2,3
74,Klebsiella sp. WOUb2,10_08_23,104,44,27,12,7,2,4,0,0,0,not,8,C. inopinata,CiW2,
75,Klebsiella sp. WOUb2,10_08_23,30,40,55,13,0,0,0,0,0,0,bagged,5,C. inopinata,CiW2,5
76,Klebsiella sp. WOUb2,10_08_23,83,35,46,32,3,0,0,0,0,0,not,6,C. inopinata,CiW2,
77,Klebsiella sp. WOUb2,10_08_23,24,13,11,0,0,0,0,0,0,0,bagged,4,C. inopinata,CiW2,4
78,Klebsiella sp. WOUb2,10_08_23,18,17,56,26,0,13,14,0,0,0,not,8,C. inopinata,CiW2,
79,Klebsiella sp. WOUb2,10_08_23,16,14,0,0,0,0,0,0,0,0,bagged,3,C. inopinata,CiW2,3
80,Klebsiella sp. WOUb2,10_08_23,43,22,59,11,8,2,0,0,0,0,not,7,C. inopinata,CiW2,
81,Klebsiella sp. WOUb2,10_09_23,72,74,37,11,0,0,0,0,0,0,not,5,C. inopinata,CiW2,
82,Klebsiella sp. WOUb2,10_09_23,46,28,2,0,0,0,0,0,0,0,not,4,C. inopinata,CiW2,
83,Klebsiella sp. WOUb2,10_09_23,89,23,11,0,0,0,0,0,0,0,bagged,4,C. inopinata,CiW2,4
84,Klebsiella sp. WOUb2,10_09_23,21,56,43,55,25,9,0,0,0,0,not,7,C. inopinata,CiW2,
85,E. coli OP50,10_08_23,69,2,4,0,0,0,0,0,0,0,bagged,4,C. inopinata,CiOP50,4
86,E. coli OP50,10_08_23,20,28,16,7,5,0,0,0,0,0,not,6,C. inopinata,CiOP50,
87,E. coli OP50,10_08_23,44,31,25,19,14,2,10,0,0,0,not,8,C. inopinata,CiOP50,
88,E. coli OP50,10_08_23,12,20,3,0,0,0,0,0,0,0,bagged,4,C. inopinata,CiOP50,4
89,E. coli OP50,10_08_23,31,26,37,6,0,0,0,0,0,0,bagged,5,C. inopinata,CiOP50,5
90,E. coli OP50,10_08_23,78,83,42,23,5,0,0,0,0,0,bagged,6,C. inopinata,CiOP50,6
91,E. coli OP50,10_08_23,21,0,0,0,0,0,0,0,0,0,bagged,2,C. inopinata,CiOP50,2
92,E. coli OP50,10_08_23,4,0,0,0,0,0,0,0,0,0,bagged,2,C. inopinata,CiOP50,2
93,E. coli OP50,10_08_23,30,46,47,30,7,0,0,0,0,0,bagged,6,C. inopinata,CiOP50,6
94,E. coli OP50,10_08_23,33,49,28,40,15,2,0,0,0,0,not,7,C. inopinata,CiOP50,
95,E. coli OP50,10_08_23,39,65,4,0,0,0,0,0,0,0,not,4,C. inopinata,CiOP50,
96,E. coli OP50,10_08_23,11,44,10,0,0,0,0,0,0,0,bagged,4,C. inopinata,CiOP50,4
97,E. coli OP50,10_08_23,34,9,0,8,0,0,0,0,0,0,not,5,C. inopinata,CiOP50,
98,E. coli OP50,10_08_23,27,50,41,0,0,0,0,0,0,0,bagged,4,C. inopinata,CiOP50,4
99,E. coli OP50,10_08_23,42,53,46,25,7,1,0,0,0,0,not,7,C. inopinata,CiOP50,
100,E. coli OP50,10_08_23,68,46,37,4,0,0,0,0,0,0,not,5,C. inopinata,CiOP50,
101,E. coli OP50,10_08_23,37,41,44,8,0,0,0,0,0,0,not,5,C. inopinata,CiOP50,
102,E. coli OP50,10_08_23,40,38,26,16,4,3,0,0,0,0,not,7,C. inopinata,CiOP50,
103,E. coli OP50,10_08_23,13,20,50,33,7,0,0,0,0,0,bagged,6,C. inopinata,CiOP50,6
104,E. coli OP50,10_08_23,29,28,1,3,46,1,0,0,0,0,bagged,7,C. inopinata,CiOP50,7
105,E. coli OP50,10_08_23,24,59,17,0,0,0,0,0,0,0,bagged,4,C. inopinata,CiOP50,4
106,E. coli OP50,10_08_23,6,36,14,24,8,0,0,0,0,0,not,6,C. inopinata,CiOP50,
107,E. coli OP50,10_08_23,51,63,46,53,12,0,0,0,0,0,not,6,C. inopinata,CiOP50,
108,E. coli OP50, 10_09_23,53,32,0,0,0,0,0,0,0,0,bagged,3,C. inopinata,CiOP50,3
109,E. coli OP50,10_09_23,68,61,58,25,20,13,0,0,0,0,not,7,C. inopinata,CiOP50,
110,E. coli OP50,10_09_23,37,5,0,0,0,0,0,0,0,0,not,3,C. inopinata,CiOP50,